Workbook

Sheet 使用说明
B2: 工程维修台账 · 使用说明
B3: 一本台账记录全部工单，仪表盘、单元查询自动汇总。日常只需要看第一、三部分。
B5: 一、日常五步
B6: ① 报修登记 | C6: 在【工单台账】最下面一行接着填：报修日期、类型（入户 / 公区）、楼栋、房号或位置、问题描述、维修类别。单据编号、处理天数、该户第几次会自动生成。
B7: ② 派单 | C7: 每天早上在台账顶部给休息的师傅选「休息」。「跟进人1」下拉只列今天上班的师傅；两人协同时再填「跟进人2」。
B8: ③ 上门跟进 | C8: 照常填预约时间、上门排序。没修完之前，「完成情况」保持「跟进中」或「需另约时间」。
B9: ④ 完工 | C9: 「完成情况」改为「已完成」，同时填「完成日期」；有耗材收费的，填「耗材费(元)」。
B10: ⑤ 评价与回访 | C10: 完工后请业主评价，录入「维修评价」「业主意见与建议」。仪表盘第一部分列出未结和重复报修的住户，用来排回访。
B12: 二、各表分工
B13: 工单台账 | C13: 入户和公区的全部工单，用「类型」区分；要单看公区，在表头筛选「类型」即可。顶部是师傅调度看板。
B14: 仪表盘 | C14: 一、现在要处理的事（未结、超期、重复报修）；二、这一期的表现（报修量、完成率、好评率、师傅排行）；三、问题集中在哪（类别、楼栋、师傅×楼栋）。二、三部分按「统计周期」切换当日 / 本周 / 本月 / 累计。
B15: 单元查询 | C15: 选楼栋、填房号，列出这一户的全部维修记录。接业主电话时用。
B16: 设置 | C16: 师傅名单、楼栋、维修类别、统计基准日、超期阈值都在这里改。
B18: 三、哪些格子填，哪些别动
B19: 手工填写 | C19: 台账里黑色表头的列，以及所有米黄色格子（师傅休息、统计周期、查询条件、【设置】里的名单和参数）。
B20: 自动生成 | C20: 台账里灰色表头的三列：单据编号、处理天数、该户第几次；仪表盘、单元查询整张表；【设置】里的灰字计算区。
B21: 新增工单 | C21: 在台账最后一行下面直接填，表格会自动变长，公式、下拉和颜色跟着带下去，不用复制公式。
B23: 四、颜色说明
B24: 陶土橘 | C24: 马上要处理：超期未结、优先 1、跟进人重复。全表最醒目的颜色只留给这几件事。
B25: 浅陶土 | C25: 需要留意：该户第 3 次及以上、需另约时间、不满意、完成日期早于报修日期。
B26: 米黄 | C26: 进行中或待填写：跟进中、未结未超期、该户第 2 次、缺日期 / 类别 / 状态，以及可以改的设置格。
B27: 橄榄绿 | C27: 已完成、满意、非常满意、空闲可派单。
B28: 灰字 | C28: 今天休息的师傅、作废的派单、公式计算区。
B30: 五、配色与排版原则
B31: 可读优先于好看 | C31: 纸色底、墨色字，不用纯白和纯黑；正文文字与底色的对比度都在 4.5:1 以上。
B32: 提醒优先于装饰 | C32: 陶土橘只做底色、不写小字（白字压在陶土橘上看不清），并且只用于必须马上处理的事。
B33: 自动优先于手填 | C33: 能用公式算的就不让人填，例如处理天数、单据编号、该户第几次，减少录入出错。
B34: 宋体说话，等线指路 | C34: 标题和段落标题用宋体，表格、数字、按钮式标签用等线（黑体类），屏幕上小字更清楚。

Sheet 工单台账
A1: 工单台账 ｜ 入户＋公区 | G1: 灰色表头的三列自动生成；在表格最下面一行接着填，公式、下拉和颜色会自动带下去。
A2: 今日调度 | F2: 师傅 | H2: =设置!A9&"" -> 张师傅 | I2: =设置!A10&"" -> 李师傅 | J2: =设置!A11&"" -> 王师傅 | K2: =设置!A12&"" -> 陈师傅 | L2: =设置!A13&"" -> 刘师傅 | M2: ← 名单来自【设置】
A3: ="在岗 "&COUNTIF(H4:L4,"在岗*")&" 人 · 空闲 "&COUNTIF(H4:L4,"空闲")&" 人 · 休息 "&COUNTIF(H4:L4,"休息")&" 人" -> 在岗 4 人 · 空闲 0 人 · 休息 1 人 | F3: 今日休息 | H3: 休息 | I3: 上班 | J3: 上班 | K3: 上班 | L3: 上班 | M3: ← 米黄格每天设一次
A4: 每天早上给休息的师傅选「休息」；名单在【设置】里改。 | F4: 当前状态 | H4: =IF(H2="","",IF(H3="休息","休息",IF(COUNTIFS(工单[跟进人1],H$2,工单[完成情况],"跟进中")+COUNTIFS(工单[跟进人2],H$2,工单[完成情况],"跟进中")>0,"在岗 "&COUNTIFS(工单[跟进人1],H$2,工单[完成情况],"跟进中")+COUNTIFS(工单[跟进人2],H$2,工单[完成情况],"跟进中")&" 单","空闲"))) -> 休息 | I4: =IF(I2="","",IF(I3="休息","休息",IF(COUNTIFS(工单[跟进人1],I$2,工单[完成情况],"跟进中")+COUNTIFS(工单[跟进人2],I$2,工单[完成情况],"跟进中")>0,"在岗 "&COUNTIFS(工单[跟进人1],I$2,工单[完成情况],"跟进中")+COUNTIFS(工单[跟进人2],I$2,工单[完成情况],"跟进中")&" 单","空闲"))) -> 在岗 7 单 | J4: =IF(J2="","",IF(J3="休息","休息",IF(COUNTIFS(工单[跟进人1],J$2,工单[完成情况],"跟进中")+COUNTIFS(工单[跟进人2],J$2,工单[完成情况],"跟进中")>0,"在岗 "&COUNTIFS(工单[跟进人1],J$2,工单[完成情况],"跟进中")+COUNTIFS(工单[跟进人2],J$2,工单[完成情况],"跟进中")&" 单","空闲"))) -> 在岗 1 单 | K4: =IF(K2="","",IF(K3="休息","休息",IF(COUNTIFS(工单[跟进人1],K$2,工单[完成情况],"跟进中")+COUNTIFS(工单[跟进人2],K$2,工单[完成情况],"跟进中")>0,"在岗 "&COUNTIFS(工单[跟进人1],K$2,工单[完成情况],"跟进中")+COUNTIFS(工单[跟进人2],K$2,工单[完成情况],"跟进中")&" 单","空闲"))) -> 在岗 4 单 | L4: =IF(L2="","",IF(L3="休息","休息",IF(COUNTIFS(工单[跟进人1],L$2,工单[完成情况],"跟进中")+COUNTIFS(工单[跟进人2],L$2,工单[完成情况],"跟进中")>0,"在岗 "&COUNTIFS(工单[跟进人1],L$2,工单[完成情况],"跟进中")+COUNTIFS(工单[跟进人2],L$2,工单[完成情况],"跟进中")&" 单","空闲"))) -> 在岗 3 单 | M4: ← 自动：有「跟进中」的单就算在岗
A6: 单据编号 | B6: 报修日期 | C6: 类型 | D6: 楼栋 | E6: 房号/位置 | F6: 报修问题描述 | G6: 维修类别 | H6: 跟进人1 | I6: 跟进人2 | J6: 预约时间 | K6: 上门排序 | L6: 完成情况 | M6: 完成日期 | N6: 处理天数 | O6: 该户第几次 | P6: 维修备注 | Q6: 耗材费(元) | R6: 维修评价 | S6: 业主意见与建议
A7: =IF(OR(工单[[#This Row],[报修日期]]="",工单[[#This Row],[楼栋]]="",工单[[#This Row],[房号/位置]]=""),"待补",IF(工单[[#This Row],[楼栋]]="公共区域","公",IF(工单[[#This Row],[楼栋]]="商铺","S",SUBSTITUTE(工单[[#This Row],[楼栋]],"栋","")))&"-"&工单[[#This Row],[房号/位置]]&"-"&TEXT(MONTH(工单[[#This Row],[报修日期]]),"00")&TEXT(DAY(工单[[#This Row],[报修日期]]),"00")&IF(N(工单[[#This Row],[该户第几次]])>1,"-"&TEXT(工单[[#This Row],[该户第几次]],"00"),"")) -> 8-403-0501 | B7: 45778 | C7: 入户 | D7: 8栋 | E7: 403 | F7: 空调导风百叶断裂更换 | G7: 空调暖通 | H7: 张师傅 | I7: 李师傅 | J7: 5月1日 16:00 | K7: 优先2 | L7: 已完成 | N7: =IF(工单[[#This Row],[报修日期]]="","",IF(工单[[#This Row],[完成情况]]="已完成",IF(工单[[#This Row],[完成日期]]="","",工单[[#This Row],[完成日期]]-工单[[#This Row],[报修日期]]),IF(基准日<工单[[#This Row],[报修日期]],"",基准日-工单[[#This Row],[报修日期]]))) | O7: =IF(OR(工单[[#This Row],[楼栋]]="",工单[[#This Row],[房号/位置]]=""),"",COUNTIFS(INDEX(工单[楼栋],1):工单[[#This Row],[楼栋]],工单[[#This Row],[楼栋]],INDEX(工单[房号/位置],1):工单[[#This Row],[房号/位置]],工单[[#This Row],[房号/位置]])) -> 1 | P7: 业主第3次更改上门时间 | R7: 非常满意
A8: =IF(OR(工单[[#This Row],[报修日期]]="",工单[[#This Row],[楼栋]]="",工单[[#This Row],[房号/位置]]=""),"待补",IF(工单[[#This Row],[楼栋]]="公共区域","公",IF(工单[[#This Row],[楼栋]]="商铺","S",SUBSTITUTE(工单[[#This Row],[楼栋]],"栋","")))&"-"&工单[[#This Row],[房号/位置]]&"-"&TEXT(MONTH(工单[[#This Row],[报修日期]]),"00")&TEXT(DAY(工单[[#This Row],[报修日期]]),"00")&IF(N(工单[[#This Row],[该户第几次]])>1,"-"&TEXT(工单[[#This Row],[该户第几次]],"00"),"")) -> 6-2504-0501 | B8: 45778 | C8: 入户 | D8: 6栋 | E8: 2504 | F8: 空调开机后室内机滴水 | G8: 空调暖通 | H8: 刘师傅 | I8: 张师傅 | J8: 5月1日 10:00 | L8: 跟进中 | N8: =IF(工单[[#This Row],[报修日期]]="","",IF(工单[[#This Row],[完成情况]]="已完成",IF(工单[[#This Row],[完成日期]]="","",工单[[#This Row],[完成日期]]-工单[[#This Row],[报修日期]]),IF(基准日<工单[[#This Row],[报修日期]],"",基准日-工单[[#This Row],[报修日期]]))) -> 6 | O8: =IF(OR(工单[[#This Row],[楼栋]]="",工单[[#This Row],[房号/位置]]=""),"",COUNTIFS(INDEX(工单[楼栋],1):工单[[#This Row],[楼栋]],工单[[#This Row],[楼栋]],INDEX(工单[房号/位置],1):工单[[#This Row],[房号/位置]],工单[[#This Row],[房号/位置]])) -> 1 | P8: 需重新包扎保温棉，待料处理
A9: =IF(OR(工单[[#This Row],[报修日期]]="",工单[[#This Row],[楼栋]]="",工单[[#This Row],[房号/位置]]=""),"待补",IF(工单[[#This Row],[楼栋]]="公共区域","公",IF(工单[[#This Row],[楼栋]]="商铺","S",SUBSTITUTE(工单[[#This Row],[楼栋]],"栋","")))&"-"&工单[[#This Row],[房号/位置]]&"-"&TEXT(MONTH(工单[[#This Row],[报修日期]]),"00")&TEXT(DAY(工单[[#This Row],[报修日期]]),"00")&IF(N(工单[[#This Row],[该户第几次]])>1,"-"&TEXT(工单[[#This Row],[该户第几次]],"00"),"")) -> 5-503-0501 | B9: 45778 | C9: 入户 | D9: 5栋 | E9: 503 | F9: 阳台雨棚接缝漏水 | G9: 渗漏防水 | H9: 刘师傅 | J9: 5月2日 | L9: 已完成 | N9: =IF(工单[[#This Row],[报修日期]]="","",IF(工单[[#This Row],[完成情况]]="已完成",IF(工单[[#This Row],[完成日期]]="","",工单[[#This Row],[完成日期]]-工单[[#This Row],[报修日期]]),IF(基准日<工单[[#This Row],[报修日期]],"",基准日-工单[[#This Row],[报修日期]]))) | O9: =IF(OR(工单[[#This Row],[楼栋]]="",工单[[#This Row],[房号/位置]]=""),"",COUNTIFS(INDEX(工单[楼栋],1):工单[[#This Row],[楼栋]],工单[[#This Row],[楼栋]],INDEX(工单[房号/位置],1):工单[[#This Row],[房号/位置]],工单[[#This Row],[房号/位置]])) -> 1 | P9: 连日下雨，待天晴后另约时间 | R9: 非常满意
A10: =IF(OR(工单[[#This Row],[报修日期]]="",工单[[#This Row],[楼栋]]="",工单[[#This Row],[房号/位置]]=""),"待补",IF(工单[[#This Row],[楼栋]]="公共区域","公",IF(工单[[#This Row],[楼栋]]="商铺","S",SUBSTITUTE(工单[[#This Row],[楼栋]],"栋","")))&"-"&工单[[#This Row],[房号/位置]]&"-"&TEXT(MONTH(工单[[#This Row],[报修日期]]),"00")&TEXT(DAY(工单[[#This Row],[报修日期]]),"00")&IF(N(工单[[#This Row],[该户第几次]])>1,"-"&TEXT(工单[[#This Row],[该户第几次]],"00"),"")) -> 7-2904-0501 | B10: 45778 | C10: 入户 | D10: 7栋 | E10: 2904 | F10: 卧室门把手螺丝滑丝 | G10: 门窗五金 | H10: 张师傅 | J10: 5月1日 上午 | L10: 已完成 | N10: =IF(工单[[#This Row],[报修日期]]="","",IF(工单[[#This Row],[完成情况]]="已完成",IF(工单[[#This Row],[完成日期]]="","",工单[[#This Row],[完成日期]]-工单[[#This Row],[报修日期]]),IF(基准日<工单[[#This Row],[报修日期]],"",基准日-工单[[#This Row],[报修日期]]))) | O10: =IF(OR(工单[[#This Row],[楼栋]]="",工单[[#This Row],[房号/位置]]=""),"",COUNTIFS(INDEX(工单[楼栋],1):工单[[#This Row],[楼栋]],工单[[#This Row],[楼栋]],INDEX(工单[房号/位置],1):工单[[#This Row],[房号/位置]],工单[[#This Row],[房号/位置]])) -> 1 | P10: 物业无同款配件，业主自行采购 | R10: 满意
A11: =IF(OR(工单[[#This Row],[报修日期]]="",工单[[#This Row],[楼栋]]="",工单[[#This Row],[房号/位置]]=""),"待补",IF(工单[[#This Row],[楼栋]]="公共区域","公",IF(工单[[#This Row],[楼栋]]="商铺","S",SUBSTITUTE(工单[[#This Row],[楼栋]],"栋","")))&"-"&工单[[#This Row],[房号/位置]]&"-"&TEXT(MONTH(工单[[#This Row],[报修日期]]),"00")&TEXT(DAY(工单[[#This Row],[报修日期]]),"00")&IF(N(工单[[#This Row],[该户第几次]])>1,"-"&TEXT(工单[[#This Row],[该户第几次]],"00"),"")) -> 6-2004-0501 | B11: 45778 | C11: 入户 | D11: 6栋 | E11: 2004 | F11: 主卧空调出风口结露滴水 | G11: 空调暖通 | H11: 张师傅 | J11: 5月1日 14:00后 | L11: 已完成 | N11: =IF(工单[[#This Row],[报修日期]]="","",IF(工单[[#This Row],[完成情况]]="已完成",IF(工单[[#This Row],[完成日期]]="","",工单[[#This Row],[完成日期]]-工单[[#This Row],[报修日期]]),IF(基准日<工单[[#This Row],[报修日期]],"",基准日-工单[[#This Row],[报修日期]]))) | O11: =IF(OR(工单[[#This Row],[楼栋]]="",工单[[#This Row],[房号/位置]]=""),"",COUNTIFS(INDEX(工单[楼栋],1):工单[[#This Row],[楼栋]],工单[[#This Row],[楼栋]],INDEX(工单[房号/位置],1):工单[[#This Row],[房号/位置]],工单[[#This Row],[房号/位置]])) -> 1 | P11: 已调整出风角度并清洗滤网 | R11: 一般
A12: =IF(OR(工单[[#This Row],[报修日期]]="",工单[[#This Row],[楼栋]]="",工单[[#This Row],[房号/位置]]=""),"待补",IF(工单[[#This Row],[楼栋]]="公共区域","公",IF(工单[[#This Row],[楼栋]]="商铺","S",SUBSTITUTE(工单[[#This Row],[楼栋]],"栋","")))&"-"&工单[[#This Row],[房号/位置]]&"-"&TEXT(MONTH(工单[[#This Row],[报修日期]]),"00")&TEXT(DAY(工单[[#This Row],[报修日期]]),"00")&IF(N(工单[[#This Row],[该户第几次]])>1,"-"&TEXT(工单[[#This Row],[该户第几次]],"00"),"")) -> 6-2501-0501 | B12: 45778 | C12: 入户 | D12: 6栋 | E12: 2501 | F12: 入户门把手松动下垂 | G12: 门窗五金 | H12: 张师傅 | J12: 5月1日 12:00 | L12: 已完成 | N12: =IF(工单[[#This Row],[报修日期]]="","",IF(工单[[#This Row],[完成情况]]="已完成",IF(工单[[#This Row],[完成日期]]="","",工单[[#This Row],[完成日期]]-工单[[#This Row],[报修日期]]),IF(基准日<工单[[#This Row],[报修日期]],"",基准日-工单[[#This Row],[报修日期]]))) | O12: =IF(OR(工单[[#This Row],[楼栋]]="",工单[[#This Row],[房号/位置]]=""),"",COUNTIFS(INDEX(工单[楼栋],1):工单[[#This Row],[楼栋]],工单[[#This Row],[楼栋]],INDEX(工单[房号/位置],1):工单[[#This Row],[房号/位置]],工单[[#This Row],[房号/位置]])) -> 1 | P12: 已紧固复位 | R12: 非常满意 | S12: 师傅来得很快
A13: =IF(OR(工单[[#This Row],[报修日期]]="",工单[[#This Row],[楼栋]]="",工单[[#This Row],[房号/位置]]=""),"待补",IF(工单[[#This Row],[楼栋]]="公共区域","公",IF(工单[[#This Row],[楼栋]]="商铺","S",SUBSTITUTE(工单[[#This Row],[楼栋]],"栋","")))&"-"&工单[[#This Row],[房号/位置]]&"-"&TEXT(MONTH(工单[[#This Row],[报修日期]]),"00")&TEXT(DAY(工单[[#This Row],[报修日期]]),"00")&IF(N(工单[[#This Row],[该户第几次]])>1,"-"&TEXT(工单[[#This Row],[该户第几次]],"00"),"")) -> 6-701-0501 | B13: 45778 | C13: 入户 | D13: 6栋 | E13: 701 | F13: 次卧墙面受潮鼓包起皮 | G13: 墙地饰面 | H13: 李师傅 | J13: 5月1日 14:00后 | K13: 优先1 | L13: 跟进中 | N13: =IF(工单[[#This Row],[报修日期]]="","",IF(工单[[#This Row],[完成情况]]="已完成",IF(工单[[#This Row],[完成日期]]="","",工单[[#This Row],[完成日期]]-工单[[#This Row],[报修日期]]),IF(基准日<工单[[#This Row],[报修日期]],"",基准日-工单[[#This Row],[报修日期]]))) -> 6 | O13: =IF(OR(工单[[#This Row],[楼栋]]="",工单[[#This Row],[房号/位置]]=""),"",COUNTIFS(INDEX(工单[楼栋],1):工单[[#This Row],[楼栋]],工单[[#This Row],[楼栋]],INDEX(工单[房号/位置],1):工单[[#This Row],[房号/位置]],工单[[#This Row],[房号/位置]])) -> 1 | P13: 已铲除鼓包批第一遍腻子，待干透后约第二次上门 | R13: 非常满意 | S13: 可以，辛苦了
A14: =IF(OR(工单[[#This Row],[报修日期]]="",工单[[#This Row],[楼栋]]="",工单[[#This Row],[房号/位置]]=""),"待补",IF(工单[[#This Row],[楼栋]]="公共区域","公",IF(工单[[#This Row],[楼栋]]="商铺","S",SUBSTITUTE(工单[[#This Row],[楼栋]],"栋","")))&"-"&工单[[#This Row],[房号/位置]]&"-"&TEXT(MONTH(工单[[#This Row],[报修日期]]),"00")&TEXT(DAY(工单[[#This Row],[报修日期]]),"00")&IF(N(工单[[#This Row],[该户第几次]])>1,"-"&TEXT(工单[[#This Row],[该户第几次]],"00"),"")) -> 8-1602-0501 | B14: 45778 | C14: 入户 | D14: 8栋 | E14: 1602 | F14: 客厅空调管冷凝水滴落 | G14: 空调暖通 | J14: 5月1日 14:00后 | K14: 优先3 | L14: 跟进中 | N14: =IF(工单[[#This Row],[报修日期]]="","",IF(工单[[#This Row],[完成情况]]="已完成",IF(工单[[#This Row],[完成日期]]="","",工单[[#This Row],[完成日期]]-工单[[#This Row],[报修日期]]),IF(基准日<工单[[#This Row],[报修日期]],"",基准日-工单[[#This Row],[报修日期]]))) -> 6 | O14: =IF(OR(工单[[#This Row],[楼栋]]="",工单[[#This Row],[房号/位置]]=""),"",COUNTIFS(INDEX(工单[楼栋],1):工单[[#This Row],[楼栋]],工单[[#This Row],[楼栋]],INDEX(工单[房号/位置],1):工单[[#This Row],[房号/位置]],工单[[#This Row],[房号/位置]])) -> 1 | P14: 需先由第三方单位为楼上住户空调管加装保温棉
A15: =IF(OR(工单[[#This Row],[报修日期]]="",工单[[#This Row],[楼栋]]="",工单[[#This Row],[房号/位置]]=""),"待补",IF(工单[[#This Row],[楼栋]]="公共区域","公",IF(工单[[#This Row],[楼栋]]="商铺","S",SUBSTITUTE(工单[[#This Row],[楼栋]],"栋","")))&"-"&工单[[#This Row],[房号/位置]]&"-"&TEXT(MONTH(工单[[#This Row],[报修日期]]),"00")&TEXT(DAY(工单[[#This Row],[报修日期]]),"00")&IF(N(工单[[#This Row],[该户第几次]])>1,"-"&TEXT(工单[[#This Row],[该户第几次]],"00"),"")) -> 5-504-0501 | B15: 45778 | C15: 入户 | D15: 5栋 | E15: 504 | F15: 卫生间门把手松动 | G15: 门窗五金 | H15: 张师傅 | J15: 5月1日 17:00前 | L15: 已完成 | N15: =IF(工单[[#This Row],[报修日期]]="","",IF(工单[[#This Row],[完成情况]]="已完成",IF(工单[[#This Row],[完成日期]]="","",工单[[#This Row],[完成日期]]-工单[[#This Row],[报修日期]]),IF(基准日<工单[[#This Row],[报修日期]],"",基准日-工单[[#This Row],[报修日期]]))) | O15: =IF(OR(工单[[#This Row],[楼栋]]="",工单[[#This Row],[房号/位置]]=""),"",COUNTIFS(INDEX(工单[楼栋],1):工单[[#This Row],[楼栋]],工单[[#This Row],[楼栋]],INDEX(工单[房号/位置],1):工单[[#This Row],[房号/位置]],工单[[#This Row],[房号/位置]])) -> 1 | P15: / | R15: 非常满意
A16: =IF(OR(工单[[#This Row],[报修日期]]="",工单[[#This Row],[楼栋]]="",工单[[#This Row],[房号/位置]]=""),"待补",IF(工单[[#This Row],[楼栋]]="公共区域","公",IF(工单[[#This Row],[楼栋]]="商铺","S",SUBSTITUTE(工单[[#This Row],[楼栋]],"栋","")))&"-"&工单[[#This Row],[房号/位置]]&"-"&TEXT(MONTH(工单[[#This Row],[报修日期]]),"00")&TEXT(DAY(工单[[#This Row],[报修日期]]),"00")&IF(N(工单[[#This Row],[该户第几次]])>1,"-"&TEXT(工单[[#This Row],[该户第几次]],"00"),"")) -> 7-304-0501 | B16: 45778 | C16: 入户 | D16: 7栋 | E16: 304 | F16: 阳台天花腻子开裂 | G16: 墙地饰面 | H16: 李师傅 | J16: 5月1日 17:00后 | K16: 优先6 | L16: 已完成 | N16: =IF(工单[[#This Row],[报修日期]]="","",IF(工单[[#This Row],[完成情况]]="已完成",IF(工单[[#This Row],[完成日期]]="","",工单[[#This Row],[完成日期]]-工单[[#This Row],[报修日期]]),IF(基准日<工单[[#This Row],[报修日期]],"",基准日-工单[[#This Row],[报修日期]]))) | O16: =IF(OR(工单[[#This Row],[楼栋]]="",工单[[#This Row],[房号/位置]]=""),"",COUNTIFS(INDEX(工单[楼栋],1):工单[[#This Row],[楼栋]],工单[[#This Row],[楼栋]],INDEX(工单[房号/位置],1):工单[[#This Row],[房号/位置]],工单[[#This Row],[房号/位置]])) -> 1 | R16: 非常满意 | S16: 挺好的，支持物业工作
A17: =IF(OR(工单[[#This Row],[报修日期]]="",工单[[#This Row],[楼栋]]="",工单[[#This Row],[房号/位置]]=""),"待补",IF(工单[[#This Row],[楼栋]]="公共区域","公",IF(工单[[#This Row],[楼栋]]="商铺","S",SUBSTITUTE(工单[[#This Row],[楼栋]],"栋","")))&"-"&工单[[#This Row],[房号/位置]]&"-"&TEXT(MONTH(工单[[#This Row],[报修日期]]),"00")&TEXT(DAY(工单[[#This Row],[报修日期]]),"00")&IF(N(工单[[#This Row],[该户第几次]])>1,"-"&TEXT(工单[[#This Row],[该户第几次]],"00"),"")) -> 10-901-0501 | B17: 45778 | C17: 入户 | D17: 10栋 | E17: 901 | F17: 入户门锁芯转动卡涩 | G17: 门窗五金 | H17: 李师傅 | J17: 5月1日 17:00前 | K17: 优先2 | L17: 已完成 | N17: =IF(工单[[#This Row],[报修日期]]="","",IF(工单[[#This Row],[完成情况]]="已完成",IF(工单[[#This Row],[完成日期]]="","",工单[[#This Row],[完成日期]]-工单[[#This Row],[报修日期]]),IF(基准日<工单[[#This Row],[报修日期]],"",基准日-工单[[#This Row],[报修日期]]))) | O17: =IF(OR(工单[[#This Row],[楼栋]]="",工单[[#This Row],[房号/位置]]=""),"",COUNTIFS(INDEX(工单[楼栋],1):工单[[#This Row],[楼栋]],工单[[#This Row],[楼栋]],INDEX(工单[房号/位置],1):工单[[#This Row],[房号/位置]],工单[[#This Row],[房号/位置]])) -> 1 | P17: / | R17: 非常满意
A18: =IF(OR(工单[[#This Row],[报修日期]]="",工单[[#This Row],[楼栋]]="",工单[[#This Row],[房号/位置]]=""),"待补",IF(工单[[#This Row],[楼栋]]="公共区域","公",IF(工单[[#This Row],[楼栋]]="商铺","S",SUBSTITUTE(工单[[#This Row],[楼栋]],"栋","")))&"-"&工单[[#This Row],[房号/位置]]&"-"&TEXT(MONTH(工单[[#This Row],[报修日期]]),"00")&TEXT(DAY(工单[[#This Row],[报修日期]]),"00")&IF(N(工单[[#This Row],[该户第几次]])>1,"-"&TEXT(工单[[#This Row],[该户第几次]],"00"),"")) -> 9-1204-0501 | B18: 45778 | C18: 入户 | D18: 9栋 | E18: 1204 | F18: 空调出风口面板松脱 | G18: 空调暖通 | H18: 李师傅 | J18: 5月1日 17:00前 | K18: 优先2 | L18: 已完成 | N18: =IF(工单[[#This Row],[报修日期]]="","",IF(工单[[#This Row],[完成情况]]="已完成",IF(工单[[#This Row],[完成日期]]="","",工单[[#This Row],[完成日期]]-工单[[#This Row],[报修日期]]),IF(基准日<工单[[#This Row],[报修日期]],"",基准日-工单[[#This Row],[报修日期]]))) | O18: =IF(OR(工单[[#This Row],[楼栋]]="",工单[[#This Row],[房号/位置]]=""),"",COUNTIFS(INDEX(工单[楼栋],1):工单[[#This Row],[楼栋]],工单[[#This Row],[楼栋]],INDEX(工单[房号/位置],1):工单[[#This Row],[房号/位置]],工单[[#This Row],[房号/位置]])) -> 1 | P18: / | R18: 非常满意 | S18: 师傅动作快，很满意
A19: =IF(OR(工单[[#This Row],[报修日期]]="",工单[[#This Row],[楼栋]]="",工单[[#This Row],[房号/位置]]=""),"待补",IF(工单[[#This Row],[楼栋]]="公共区域","公",IF(工单[[#This Row],[楼栋]]="商铺","S",SUBSTITUTE(工单[[#This Row],[楼栋]],"栋","")))&"-"&工单[[#This Row],[房号/位置]]&"-"&TEXT(MONTH(工单[[#This Row],[报修日期]]),"00")&TEXT(DAY(工单[[#This Row],[报修日期]]),"00")&IF(N(工单[[#This Row],[该户第几次]])>1,"-"&TEXT(工单[[#This Row],[该户第几次]],"00"),"")) -> 1-1203-0501 | B19: 45778 | C19: 入户 | D19: 1栋 | E19: 1203 | F19: 智能门锁电量低打不开 | G19: 门窗五金 | H19: 刘师傅 | J19: 5月1日 16:51 | K19: 优先1 | L19: 已完成 | N19: =IF(工单[[#This Row],[报修日期]]="","",IF(工单[[#This Row],[完成情况]]="已完成",IF(工单[[#This Row],[完成日期]]="","",工单[[#This Row],[完成日期]]-工单[[#This Row],[报修日期]]),IF(基准日<工单[[#This Row],[报修日期]],"",基准日-工单[[#This Row],[报修日期]]))) | O19: =IF(OR(工单[[#This Row],[楼栋]]="",工单[[#This Row],[房号/位置]]=""),"",COUNTIFS(INDEX(工单[楼栋],1):工单[[#This Row],[楼栋]],工单[[#This Row],[楼栋]],INDEX(工单[房号/位置],1):工单[[#This Row],[房号/位置]],工单[[#This Row],[房号/位置]])) -> 1 | P19: / | R19: 非常满意
A20: =IF(OR(工单[[#This Row],[报修日期]]="",工单[[#This Row],[楼栋]]="",工单[[#This Row],[房号/位置]]=""),"待补",IF(工单[[#This Row],[楼栋]]="公共区域","公",IF(工单[[#This Row],[楼栋]]="商铺","S",SUBSTITUTE(工单[[#This Row],[楼栋]],"栋","")))&"-"&工单[[#This Row],[房号/位置]]&"-"&TEXT(MONTH(工单[[#This Row],[报修日期]]),"00")&TEXT(DAY(工单[[#This Row],[报修日期]]),"00")&IF(N(工单[[#This Row],[该户第几次]])>1,"-"&TEXT(工单[[#This Row],[该户第几次]],"00"),"")) -> 8-3101-0501 | B20: 45778 | C20: 入户 | D20: 8栋 | E20: 3101 | F20: 咨询车位充电桩怎么走线 | G20: 电气照明 | H20: 李师傅 | J20: 5月1日 20:30 | L20: 已完成 | N20: =IF(工单[[#This Row],[报修日期]]="","",IF(工单[[#This Row],[完成情况]]="已完成",IF(工单[[#This Row],[完成日期]]="","",工单[[#This Row],[完成日期]]-工单[[#This Row],[报修日期]]),IF(基准日<工单[[#This Row],[报修日期]],"",基准日-工单[[#This Row],[报修日期]]))) | O20: =IF(OR(工单[[#This Row],[楼栋]]="",工单[[#This Row],[房号/位置]]=""),"",COUNTIFS(INDEX(工单[楼栋],1):工单[[#This Row],[楼栋]],工单[[#This Row],[楼栋]],INDEX(工单[房号/位置],1):工单[[#This Row],[房号/位置]],工单[[#This Row],[房号/位置]])) -> 1 | R20: 非常满意
A21: =IF(OR(工单[[#This Row],[报修日期]]="",工单[[#This Row],[楼栋]]="",工单[[#This Row],[房号/位置]]=""),"待补",IF(工单[[#This Row],[楼栋]]="公共区域","公",IF(工单[[#This Row],[楼栋]]="商铺","S",SUBSTITUTE(工单[[#This Row],[楼栋]],"栋","")))&"-"&工单[[#This Row],[房号/位置]]&"-"&TEXT(MONTH(工单[[#This Row],[报修日期]]),"00")&TEXT(DAY(工单[[#This Row],[报修日期]]),"00")&IF(N(工单[[#This Row],[该户第几次]])>1,"-"&TEXT(工单[[#This Row],[该户第几次]],"00"),"")) -> 8-1501-0501 | B21: 45778 | C21: 入户 | D21: 8栋 | E21: 1501 | F21: 客厅地板有水珠，疑似空调滴水 | G21: 空调暖通 | H21: 李师傅 | J21: 5月1日 16:00 | L21: 已完成 | N21: =IF(工单[[#This Row],[报修日期]]="","",IF(工单[[#This Row],[完成情况]]="已完成",IF(工单[[#This Row],[完成日期]]="","",工单[[#This Row],[完成日期]]-工单[[#This Row],[报修日期]]),IF(基准日<工单[[#This Row],[报修日期]],"",基准日-工单[[#This Row],[报修日期]]))) | O21: =IF(OR(工单[[#This Row],[楼栋]]="",工单[[#This Row],[房号/位置]]=""),"",COUNTIFS(INDEX(工单[楼栋],1):工单[[#This Row],[楼栋]],工单[[#This Row],[楼栋]],INDEX(工单[房号/位置],1):工单[[#This Row],[房号/位置]],工单[[#This Row],[房号/位置]])) -> 1 | P21: 已更换空调出风口并加贴保温棉 | R21: 满意
A22: =IF(OR(工单[[#This Row],[报修日期]]="",工单[[#This Row],[楼栋]]="",工单[[#This Row],[房号/位置]]=""),"待补",IF(工单[[#This Row],[楼栋]]="公共区域","公",IF(工单[[#This Row],[楼栋]]="商铺","S",SUBSTITUTE(工单[[#This Row],[楼栋]],"栋","")))&"-"&工单[[#This Row],[房号/位置]]&"-"&TEXT(MONTH(工单[[#This Row],[报修日期]]),"00")&TEXT(DAY(工单[[#This Row],[报修日期]]),"00")&IF(N(工单[[#This Row],[该户第几次]])>1,"-"&TEXT(工单[[#This Row],[该户第几次]],"00"),"")) -> 11-1402-0501 | B22: 45778 | C22: 入户 | D22: 11栋 | E22: 1402 | F22: 主卧门锁卡死、入户门关闭变紧 | G22: 门窗五金 | H22: 李师傅 | J22: 5月1日 19:00 | K22: 优先1 | L22: 已完成 | N22: =IF(工单[[#This Row],[报修日期]]="","",IF(工单[[#This Row],[完成情况]]="已完成",IF(工单[[#This Row],[完成日期]]="","",工单[[#This Row],[完成日期]]-工单[[#This Row],[报修日期]]),IF(基准日<工单[[#This Row],[报修日期]],"",基准日-工单[[#This Row],[报修日期]]))) | O22: =IF(OR(工单[[#This Row],[楼栋]]="",工单[[#This Row],[房号/位置]]=""),"",COUNTIFS(INDEX(工单[楼栋],1):工单[[#This Row],[楼栋]],工单[[#This Row],[楼栋]],INDEX(工单[房号/位置],1):工单[[#This Row],[房号/位置]],工单[[#This Row],[房号/位置]])) -> 1 | P22: 另约5月2号上门 | R22: 非常满意
A23: =IF(OR(工单[[#This Row],[报修日期]]="",工单[[#This Row],[楼栋]]="",工单[[#This Row],[房号/位置]]=""),"待补",IF(工单[[#This Row],[楼栋]]="公共区域","公",IF(工单[[#This Row],[楼栋]]="商铺","S",SUBSTITUTE(工单[[#This Row],[楼栋]],"栋","")))&"-"&工单[[#This Row],[房号/位置]]&"-"&TEXT(MONTH(工单[[#This Row],[报修日期]]),"00")&TEXT(DAY(工单[[#This Row],[报修日期]]),"00")&IF(N(工单[[#This Row],[该户第几次]])>1,"-"&TEXT(工单[[#This Row],[该户第几次]],"00"),"")) -> 5-2803-0501 | B23: 45778 | C23: 入户 | D23: 5栋 | E23: 2803 | F23: 厨房洗菜盆下水堵塞 | G23: 给排水 | H23: 李师傅 | J23: 5月1日 21:30 | L23: 已完成 | N23: =IF(工单[[#This Row],[报修日期]]="","",IF(工单[[#This Row],[完成情况]]="已完成",IF(工单[[#This Row],[完成日期]]="","",工单[[#This Row],[完成日期]]-工单[[#This Row],[报修日期]]),IF(基准日<工单[[#This Row],[报修日期]],"",基准日-工单[[#This Row],[报修日期]]))) | O23: =IF(OR(工单[[#This Row],[楼栋]]="",工单[[#This Row],[房号/位置]]=""),"",COUNTIFS(INDEX(工单[楼栋],1):工单[[#This Row],[楼栋]],工单[[#This Row],[楼栋]],INDEX(工单[房号/位置],1):工单[[#This Row],[房号/位置]],工单[[#This Row],[房号/位置]])) -> 1 | R23: 非常满意 | S23: 业主来电点赞表扬
A24: =IF(OR(工单[[#This Row],[报修日期]]="",工单[[#This Row],[楼栋]]="",工单[[#This Row],[房号/位置]]=""),"待补",IF(工单[[#This Row],[楼栋]]="公共区域","公",IF(工单[[#This Row],[楼栋]]="商铺","S",SUBSTITUTE(工单[[#This Row],[楼栋]],"栋","")))&"-"&工单[[#This Row],[房号/位置]]&"-"&TEXT(MONTH(工单[[#This Row],[报修日期]]),"00")&TEXT(DAY(工单[[#This Row],[报修日期]]),"00")&IF(N(工单[[#This Row],[该户第几次]])>1,"-"&TEXT(工单[[#This Row],[该户第几次]],"00"),"")) -> 10-1103-0501 | B24: 45778 | C24: 入户 | D24: 10栋 | E24: 1103 | F24: 多个门把手松动、淋浴房门下沉 | G24: 门窗五金 | H24: 李师傅 | J24: 5月1日 21:50 | L24: 已完成 | N24: =IF(工单[[#This Row],[报修日期]]="","",IF(工单[[#This Row],[完成情况]]="已完成",IF(工单[[#This Row],[完成日期]]="","",工单[[#This Row],[完成日期]]-工单[[#This Row],[报修日期]]),IF(基准日<工单[[#This Row],[报修日期]],"",基准日-工单[[#This Row],[报修日期]]))) | O24: =IF(OR(工单[[#This Row],[楼栋]]="",工单[[#This Row],[房号/位置]]=""),"",COUNTIFS(INDEX(工单[楼栋],1):工单[[#This Row],[楼栋]],工单[[#This Row],[楼栋]],INDEX(工单[房号/位置],1):工单[[#This Row],[房号/位置]],工单[[#This Row],[房号/位置]])) -> 1 | R24: 非常满意
A25: =IF(OR(工单[[#This Row],[报修日期]]="",工单[[#This Row],[楼栋]]="",工单[[#This Row],[房号/位置]]=""),"待补",IF(工单[[#This Row],[楼栋]]="公共区域","公",IF(工单[[#This Row],[楼栋]]="商铺","S",SUBSTITUTE(工单[[#This Row],[楼栋]],"栋","")))&"-"&工单[[#This Row],[房号/位置]]&"-"&TEXT(MONTH(工单[[#This Row],[报修日期]]),"00")&TEXT(DAY(工单[[#This Row],[报修日期]]),"00")&IF(N(工单[[#This Row],[该户第几次]])>1,"-"&TEXT(工单[[#This Row],[该户第几次]],"00"),"")) -> 3-2901-0501 | B25: 45778 | C25: 入户 | D25: 3栋 | E25: 2901 | F25: 主卧空调久未使用，开机有异味 | G25: 空调暖通 | H25: 张师傅 | J25: 5月1日 上午 | L25: 已完成 | N25: =IF(工单[[#This Row],[报修日期]]="","",IF(工单[[#This Row],[完成情况]]="已完成",IF(工单[[#This Row],[完成日期]]="","",工单[[#This Row],[完成日期]]-工单[[#This Row],[报修日期]]),IF(基准日<工单[[#This Row],[报修日期]],"",基准日-工单[[#This Row],[报修日期]]))) | O25: =IF(OR(工单[[#This Row],[楼栋]]="",工单[[#This Row],[房号/位置]]=""),"",COUNTIFS(INDEX(工单[楼栋],1):工单[[#This Row],[楼栋]],工单[[#This Row],[楼栋]],INDEX(工单[房号/位置],1):工单[[#This Row],[房号/位置]],工单[[#This Row],[房号/位置]])) -> 1 | R25: 非常满意
A26: =IF(OR(工单[[#This Row],[报修日期]]="",工单[[#This Row],[楼栋]]="",工单[[#This Row],[房号/位置]]=""),"待补",IF(工单[[#This Row],[楼栋]]="公共区域","公",IF(工单[[#This Row],[楼栋]]="商铺","S",SUBSTITUTE(工单[[#This Row],[楼栋]],"栋","")))&"-"&工单[[#This Row],[房号/位置]]&"-"&TEXT(MONTH(工单[[#This Row],[报修日期]]),"00")&TEXT(DAY(工单[[#This Row],[报修日期]]),"00")&IF(N(工单[[#This Row],[该户第几次]])>1,"-"&TEXT(工单[[#This Row],[该户第几次]],"00"),"")) -> 2-2604-0501 | B26: 45778 | C26: 入户 | D26: 2栋 | E26: 2604 | F26: 卫生间门吸脱落 | G26: 门窗五金 | H26: 李师傅 | J26: 5月1日 15:00 | K26: 优先2 | L26: 已完成 | N26: =IF(工单[[#This Row],[报修日期]]="","",IF(工单[[#This Row],[完成情况]]="已完成",IF(工单[[#This Row],[完成日期]]="","",工单[[#This Row],[完成日期]]-工单[[#This Row],[报修日期]]),IF(基准日<工单[[#This Row],[报修日期]],"",基准日-工单[[#This Row],[报修日期]]))) | O26: =IF(OR(工单[[#This Row],[楼栋]]="",工单[[#This Row],[房号/位置]]=""),"",COUNTIFS(INDEX(工单[楼栋],1):工单[[#This Row],[楼栋]],工单[[#This Row],[楼栋]],INDEX(工单[房号/位置],1):工单[[#This Row],[房号/位置]],工单[[#This Row],[房号/位置]])) -> 1 | R26: 非常满意
A27: =IF(OR(工单[[#This Row],[报修日期]]="",工单[[#This Row],[楼栋]]="",工单[[#This Row],[房号/位置]]=""),"待补",IF(工单[[#This Row],[楼栋]]="公共区域","公",IF(工单[[#This Row],[楼栋]]="商铺","S",SUBSTITUTE(工单[[#This Row],[楼栋]],"栋","")))&"-"&工单[[#This Row],[房号/位置]]&"-"&TEXT(MONTH(工单[[#This Row],[报修日期]]),"00")&TEXT(DAY(工单[[#This Row],[报修日期]]),"00")&IF(N(工单[[#This Row],[该户第几次]])>1,"-"&TEXT(工单[[#This Row],[该户第几次]],"00"),"")) -> 4-3104-0501 | B27: 45778 | C27: 入户 | D27: 4栋 | E27: 3104 | F27: 厨房水龙头出水忽大忽小 | G27: 给排水 | H27: 刘师傅 | J27: 5月1日 下午 | L27: 已完成 | N27: =IF(工单[[#This Row],[报修日期]]="","",IF(工单[[#This Row],[完成情况]]="已完成",IF(工单[[#This Row],[完成日期]]="","",工单[[#This Row],[完成日期]]-工单[[#This Row],[报修日期]]),IF(基准日<工单[[#This Row],[报修日期]],"",基准日-工单[[#This Row],[报修日期]]))) | O27: =IF(OR(工单[[#This Row],[楼栋]]="",工单[[#This Row],[房号/位置]]=""),"",COUNTIFS(INDEX(工单[楼栋],1):工单[[#This Row],[楼栋]],工单[[#This Row],[楼栋]],INDEX(工单[房号/位置],1):工单[[#This Row],[房号/位置]],工单[[#This Row],[房号/位置]])) -> 1 | P27: 已拆洗起泡器滤网 | R27: 满意
A28: =IF(OR(工单[[#This Row],[报修日期]]="",工单[[#This Row],[楼栋]]="",工单[[#This Row],[房号/位置]]=""),"待补",IF(工单[[#This Row],[楼栋]]="公共区域","公",IF(工单[[#This Row],[楼栋]]="商铺","S",SUBSTITUTE(工单[[#This Row],[楼栋]],"栋","")))&"-"&工单[[#This Row],[房号/位置]]&"-"&TEXT(MONTH(工单[[#This Row],[报修日期]]),"00")&TEXT(DAY(工单[[#This Row],[报修日期]]),"00")&IF(N(工单[[#This Row],[该户第几次]])>1,"-"&TEXT(工单[[#This Row],[该户第几次]],"00"),"")) -> 9-501-0501 | B28: 45778 | C28: 入户 | D28: 9栋 | E28: 501 | F28: 客厅踢脚线脱胶翘起 | G28: 墙地饰面 | H28: 张师傅 | J28: 5月1日 18:00 | L28: 已完成 | N28: =IF(工单[[#This Row],[报修日期]]="","",IF(工单[[#This Row],[完成情况]]="已完成",IF(工单[[#This Row],[完成日期]]="","",工单[[#This Row],[完成日期]]-工单[[#This Row],[报修日期]]),IF(基准日<工单[[#This Row],[报修日期]],"",基准日-工单[[#This Row],[报修日期]]))) | O28: =IF(OR(工单[[#This Row],[楼栋]]="",工单[[#This Row],[房号/位置]]=""),"",COUNTIFS(INDEX(工单[楼栋],1):工单[[#This Row],[楼栋]],工单[[#This Row],[楼栋]],INDEX(工单[房号/位置],1):工单[[#This Row],[房号/位置]],工单[[#This Row],[房号/位置]])) -> 1 | R28: 非常满意 | S28: 师傅很细心，处理得很干净
A29: =IF(OR(工单[[#This Row],[报修日期]]="",工单[[#This Row],[楼栋]]="",工单[[#This Row],[房号/位置]]=""),"待补",IF(工单[[#This Row],[楼栋]]="公共区域","公",IF(工单[[#This Row],[楼栋]]="商铺","S",SUBSTITUTE(工单[[#This Row],[楼栋]],"栋","")))&"-"&工单[[#This Row],[房号/位置]]&"-"&TEXT(MONTH(工单[[#This Row],[报修日期]]),"00")&TEXT(DAY(工单[[#This Row],[报修日期]]),"00")&IF(N(工单[[#This Row],[该户第几次]])>1,"-"&TEXT(工单[[#This Row],[该户第几次]],"00"),"")) -> 11-802-0501 | B29: 45778 | C29: 入户 | D29: 11栋 | E29: 802 | F29: 阳台推拉门推拉费劲 | G29: 门窗五金 | H29: 李师傅 | J29: 5月1日 19:30 | K29: 优先3 | L29: 已完成 | N29: =IF(工单[[#This Row],[报修日期]]="","",IF(工单[[#This Row],[完成情况]]="已完成",IF(工单[[#This Row],[完成日期]]="","",工单[[#This Row],[完成日期]]-工单[[#This Row],[报修日期]]),IF(基准日<工单[[#This Row],[报修日期]],"",基准日-工单[[#This Row],[报修日期]]))) | O29: =IF(OR(工单[[#This Row],[楼栋]]="",工单[[#This Row],[房号/位置]]=""),"",COUNTIFS(INDEX(工单[楼栋],1):工单[[#This Row],[楼栋]],工单[[#This Row],[楼栋]],INDEX(工单[房号/位置],1):工单[[#This Row],[房号/位置]],工单[[#This Row],[房号/位置]])) -> 1 | R29: 非常满意
A30: =IF(OR(工单[[#This Row],[报修日期]]="",工单[[#This Row],[楼栋]]="",工单[[#This Row],[房号/位置]]=""),"待补",IF(工单[[#This Row],[楼栋]]="公共区域","公",IF(工单[[#This Row],[楼栋]]="商铺","S",SUBSTITUTE(工单[[#This Row],[楼栋]],"栋","")))&"-"&工单[[#This Row],[房号/位置]]&"-"&TEXT(MONTH(工单[[#This Row],[报修日期]]),"00")&TEXT(DAY(工单[[#This Row],[报修日期]]),"00")&IF(N(工单[[#This Row],[该户第几次]])>1,"-"&TEXT(工单[[#This Row],[该户第几次]],"00"),"")) -> 6-2701-0501 | B30: 45778 | C30: 入户 | D30: 6栋 | E30: 2701 | F30: 次卧顶灯开关按了没反应 | G30: 电气照明 | H30: 张师傅 | J30: 5月1日 20:00 | L30: 已完成 | N30: =IF(工单[[#This Row],[报修日期]]="","",IF(工单[[#This Row],[完成情况]]="已完成",IF(工单[[#This Row],[完成日期]]="","",工单[[#This Row],[完成日期]]-工单[[#This Row],[报修日期]]),IF(基准日<工单[[#This Row],[报修日期]],"",基准日-工单[[#This Row],[报修日期]]))) | O30: =IF(OR(工单[[#This Row],[楼栋]]="",工单[[#This Row],[房号/位置]]=""),"",COUNTIFS(INDEX(工单[楼栋],1):工单[[#This Row],[楼栋]],工单[[#This Row],[楼栋]],INDEX(工单[房号/位置],1):工单[[#This Row],[房号/位置]],工单[[#This Row],[房号/位置]])) -> 1 | P30: 已更换开关面板 | R30: 非常满意
A31: =IF(OR(工单[[#This Row],[报修日期]]="",工单[[#This Row],[楼栋]]="",工单[[#This Row],[房号/位置]]=""),"待补",IF(工单[[#This Row],[楼栋]]="公共区域","公",IF(工单[[#This Row],[楼栋]]="商铺","S",SUBSTITUTE(工单[[#This Row],[楼栋]],"栋","")))&"-"&工单[[#This Row],[房号/位置]]&"-"&TEXT(MONTH(工单[[#This Row],[报修日期]]),"00")&TEXT(DAY(工单[[#This Row],[报修日期]]),"00")&IF(N(工单[[#This Row],[该户第几次]])>1,"-"&TEXT(工单[[#This Row],[该户第几次]],"00"),"")) -> 9-乒乓球位置-0501 | B31: 45778 | C31: 公区 | D31: 9栋 | E31: 乒乓球位置 | F31: 五一活动临时送电 | G31: 电气照明 | H31: 张师傅 | J31: 5月1日 上午 | L31: 已完成 | N31: =IF(工单[[#This Row],[报修日期]]="","",IF(工单[[#This Row],[完成情况]]="已完成",IF(工单[[#This Row],[完成日期]]="","",工单[[#This Row],[完成日期]]-工单[[#This Row],[报修日期]]),IF(基准日<工单[[#This Row],[报修日期]],"",基准日-工单[[#This Row],[报修日期]]))) | O31: =IF(OR(工单[[#This Row],[楼栋]]="",工单[[#This Row],[房号/位置]]=""),"",COUNTIFS(INDEX(工单[楼栋],1):工单[[#This Row],[楼栋]],工单[[#This Row],[楼栋]],INDEX(工单[房号/位置],1):工单[[#This Row],[房号/位置]],工单[[#This Row],[房号/位置]])) -> 1
A32: =IF(OR(工单[[#This Row],[报修日期]]="",工单[[#This Row],[楼栋]]="",工单[[#This Row],[房号/位置]]=""),"待补",IF(工单[[#This Row],[楼栋]]="公共区域","公",IF(工单[[#This Row],[楼栋]]="商铺","S",SUBSTITUTE(工单[[#This Row],[楼栋]],"栋","")))&"-"&工单[[#This Row],[房号/位置]]&"-"&TEXT(MONTH(工单[[#This Row],[报修日期]]),"00")&TEXT(DAY(工单[[#This Row],[报修日期]]),"00")&IF(N(工单[[#This Row],[该户第几次]])>1,"-"&TEXT(工单[[#This Row],[该户第几次]],"00"),"")) -> 公-东大门-0501 | B32: 45778 | C32: 公区 | D32: 公共区域 | E32: 东大门 | F32: 门岗二楼遮阳帘松脱需加固 | G32: 公共设施 | H32: 陈师傅 | I32: 王师傅 | J32: 5月1日 上午 | L32: 已完成 | N32: =IF(工单[[#This Row],[报修日期]]="","",IF(工单[[#This Row],[完成情况]]="已完成",IF(工单[[#This Row],[完成日期]]="","",工单[[#This Row],[完成日期]]-工单[[#This Row],[报修日期]]),IF(基准日<工单[[#This Row],[报修日期]],"",基准日-工单[[#This Row],[报修日期]]))) | O32: =IF(OR(工单[[#This Row],[楼栋]]="",工单[[#This Row],[房号/位置]]=""),"",COUNTIFS(INDEX(工单[楼栋],1):工单[[#This Row],[楼栋]],工单[[#This Row],[楼栋]],INDEX(工单[房号/位置],1):工单[[#This Row],[房号/位置]],工单[[#This Row],[房号/位置]])) -> 1
A33: =IF(OR(工单[[#This Row],[报修日期]]="",工单[[#This Row],[楼栋]]="",工单[[#This Row],[房号/位置]]=""),"待补",IF(工单[[#This Row],[楼栋]]="公共区域","公",IF(工单[[#This Row],[楼栋]]="商铺","S",SUBSTITUTE(工单[[#This Row],[楼栋]],"栋","")))&"-"&工单[[#This Row],[房号/位置]]&"-"&TEXT(MONTH(工单[[#This Row],[报修日期]]),"00")&TEXT(DAY(工单[[#This Row],[报修日期]]),"00")&IF(N(工单[[#This Row],[该户第几次]])>1,"-"&TEXT(工单[[#This Row],[该户第几次]],"00"),"")) -> 公-西门车库出口-0501 | B33: 45778 | C33: 公区 | D33: 公共区域 | E33: 西门车库出口 | F33: 出口道闸识别车牌后不抬杆 | G33: 弱电门禁 | H33: 陈师傅 | I33: 王师傅 | J33: 5月1日 上午 | L33: 已完成 | N33: =IF(工单[[#This Row],[报修日期]]="","",IF(工单[[#This Row],[完成情况]]="已完成",IF(工单[[#This Row],[完成日期]]="","",工单[[#This Row],[完成日期]]-工单[[#This Row],[报修日期]]),IF(基准日<工单[[#This Row],[报修日期]],"",基准日-工单[[#This Row],[报修日期]]))) | O33: =IF(OR(工单[[#This Row],[楼栋]]="",工单[[#This Row],[房号/位置]]=""),"",COUNTIFS(INDEX(工单[楼栋],1):工单[[#This Row],[楼栋]],工单[[#This Row],[楼栋]],INDEX(工单[房号/位置],1):工单[[#This Row],[房号/位置]],工单[[#This Row],[房号/位置]])) -> 1
A34: =IF(OR(工单[[#This Row],[报修日期]]="",工单[[#This Row],[楼栋]]="",工单[[#This Row],[房号/位置]]=""),"待补",IF(工单[[#This Row],[楼栋]]="公共区域","公",IF(工单[[#This Row],[楼栋]]="商铺","S",SUBSTITUTE(工单[[#This Row],[楼栋]],"栋","")))&"-"&工单[[#This Row],[房号/位置]]&"-"&TEXT(MONTH(工单[[#This Row],[报修日期]]),"00")&TEXT(DAY(工单[[#This Row],[报修日期]]),"00")&IF(N(工单[[#This Row],[该户第几次]])>1,"-"&TEXT(工单[[#This Row],[该户第几次]],"00"),"")) -> 3-货梯-0501 | B34: 45778 | C34: 公区 | D34: 3栋 | E34: 货梯 | F34: 货梯轿厢空调不制冷 | G34: 空调暖通 | H34: 陈师傅 | J34: 5月1日 下午 | L34: 已完成 | N34: =IF(工单[[#This Row],[报修日期]]="","",IF(工单[[#This Row],[完成情况]]="已完成",IF(工单[[#This Row],[完成日期]]="","",工单[[#This Row],[完成日期]]-工单[[#This Row],[报修日期]]),IF(基准日<工单[[#This Row],[报修日期]],"",基准日-工单[[#This Row],[报修日期]]))) | O34: =IF(OR(工单[[#This Row],[楼栋]]="",工单[[#This Row],[房号/位置]]=""),"",COUNTIFS(INDEX(工单[楼栋],1):工单[[#This Row],[楼栋]],工单[[#This Row],[楼栋]],INDEX(工单[房号/位置],1):工单[[#This Row],[房号/位置]],工单[[#This Row],[房号/位置]])) -> 1
A35: =IF(OR(工单[[#This Row],[报修日期]]="",工单[[#This Row],[楼栋]]="",工单[[#This Row],[房号/位置]]=""),"待补",IF(工单[[#This Row],[楼栋]]="公共区域","公",IF(工单[[#This Row],[楼栋]]="商铺","S",SUBSTITUTE(工单[[#This Row],[楼栋]],"栋","")))&"-"&工单[[#This Row],[房号/位置]]&"-"&TEXT(MONTH(工单[[#This Row],[报修日期]]),"00")&TEXT(DAY(工单[[#This Row],[报修日期]]),"00")&IF(N(工单[[#This Row],[该户第几次]])>1,"-"&TEXT(工单[[#This Row],[该户第几次]],"00"),"")) -> 9-肉菜市场-0501 | B35: 45778 | C35: 公区 | D35: 9栋 | E35: 肉菜市场 | F35: 市场内墙雨后渗水 | G35: 渗漏防水 | H35: 刘师傅 | L35: 跟进中 | N35: =IF(工单[[#This Row],[报修日期]]="","",IF(工单[[#This Row],[完成情况]]="已完成",IF(工单[[#This Row],[完成日期]]="","",工单[[#This Row],[完成日期]]-工单[[#This Row],[报修日期]]),IF(基准日<工单[[#This Row],[报修日期]],"",基准日-工单[[#This Row],[报修日期]]))) -> 6 | O35: =IF(OR(工单[[#This Row],[楼栋]]="",工单[[#This Row],[房号/位置]]=""),"",COUNTIFS(INDEX(工单[楼栋],1):工单[[#This Row],[楼栋]],工单[[#This Row],[楼栋]],INDEX(工单[房号/位置],1):工单[[#This Row],[房号/位置]],工单[[#This Row],[房号/位置]])) -> 1 | P35: 待跟进
A36: =IF(OR(工单[[#This Row],[报修日期]]="",工单[[#This Row],[楼栋]]="",工单[[#This Row],[房号/位置]]=""),"待补",IF(工单[[#This Row],[楼栋]]="公共区域","公",IF(工单[[#This Row],[楼栋]]="商铺","S",SUBSTITUTE(工单[[#This Row],[楼栋]],"栋","")))&"-"&工单[[#This Row],[房号/位置]]&"-"&TEXT(MONTH(工单[[#This Row],[报修日期]]),"00")&TEXT(DAY(工单[[#This Row],[报修日期]]),"00")&IF(N(工单[[#This Row],[该户第几次]])>1,"-"&TEXT(工单[[#This Row],[该户第几次]],"00"),"")) -> 10-1层-0501 | B36: 45778 | C36: 公区 | D36: 10栋 | E36: 1层 | F36: 单元大门下沉刮地 | G36: 门窗五金 | H36: 陈师傅 | J36: 5月1日 14:00后 | L36: 已完成 | N36: =IF(工单[[#This Row],[报修日期]]="","",IF(工单[[#This Row],[完成情况]]="已完成",IF(工单[[#This Row],[完成日期]]="","",工单[[#This Row],[完成日期]]-工单[[#This Row],[报修日期]]),IF(基准日<工单[[#This Row],[报修日期]],"",基准日-工单[[#This Row],[报修日期]]))) | O36: =IF(OR(工单[[#This Row],[楼栋]]="",工单[[#This Row],[房号/位置]]=""),"",COUNTIFS(INDEX(工单[楼栋],1):工单[[#This Row],[楼栋]],工单[[#This Row],[楼栋]],INDEX(工单[房号/位置],1):工单[[#This Row],[房号/位置]],工单[[#This Row],[房号/位置]])) -> 1
A37: =IF(OR(工单[[#This Row],[报修日期]]="",工单[[#This Row],[楼栋]]="",工单[[#This Row],[房号/位置]]=""),"待补",IF(工单[[#This Row],[楼栋]]="公共区域","公",IF(工单[[#This Row],[楼栋]]="商铺","S",SUBSTITUTE(工单[[#This Row],[楼栋]],"栋","")))&"-"&工单[[#This Row],[房号/位置]]&"-"&TEXT(MONTH(工单[[#This Row],[报修日期]]),"00")&TEXT(DAY(工单[[#This Row],[报修日期]]),"00")&IF(N(工单[[#This Row],[该户第几次]])>1,"-"&TEXT(工单[[#This Row],[该户第几次]],"00"),"")) -> 公-健身房旁-0501 | B37: 45778 | C37: 公区 | D37: 公共区域 | E37: 健身房旁 | F37: 配电箱附近有电流声 | G37: 电气照明 | H37: 张师傅 | J37: 5月1日 11:10 | L37: 已完成 | N37: =IF(工单[[#This Row],[报修日期]]="","",IF(工单[[#This Row],[完成情况]]="已完成",IF(工单[[#This Row],[完成日期]]="","",工单[[#This Row],[完成日期]]-工单[[#This Row],[报修日期]]),IF(基准日<工单[[#This Row],[报修日期]],"",基准日-工单[[#This Row],[报修日期]]))) | O37: =IF(OR(工单[[#This Row],[楼栋]]="",工单[[#This Row],[房号/位置]]=""),"",COUNTIFS(INDEX(工单[楼栋],1):工单[[#This Row],[楼栋]],工单[[#This Row],[楼栋]],INDEX(工单[房号/位置],1):工单[[#This Row],[房号/位置]],工单[[#This Row],[房号/位置]])) -> 1 | P37: 现场检测未发现异常
A38: =IF(OR(工单[[#This Row],[报修日期]]="",工单[[#This Row],[楼栋]]="",工单[[#This Row],[房号/位置]]=""),"待补",IF(工单[[#This Row],[楼栋]]="公共区域","公",IF(工单[[#This Row],[楼栋]]="商铺","S",SUBSTITUTE(工单[[#This Row],[楼栋]],"栋","")))&"-"&工单[[#This Row],[房号/位置]]&"-"&TEXT(MONTH(工单[[#This Row],[报修日期]]),"00")&TEXT(DAY(工单[[#This Row],[报修日期]]),"00")&IF(N(工单[[#This Row],[该户第几次]])>1,"-"&TEXT(工单[[#This Row],[该户第几次]],"00"),"")) -> 2-1楼-0501 | B38: 45778 | C38: 公区 | D38: 2栋 | E38: 1楼 | F38: 单元门禁读卡器升级更换 | G38: 弱电门禁 | H38: 陈师傅 | I38: 王师傅 | J38: 5月1日 17:00 | L38: 已完成 | N38: =IF(工单[[#This Row],[报修日期]]="","",IF(工单[[#This Row],[完成情况]]="已完成",IF(工单[[#This Row],[完成日期]]="","",工单[[#This Row],[完成日期]]-工单[[#This Row],[报修日期]]),IF(基准日<工单[[#This Row],[报修日期]],"",基准日-工单[[#This Row],[报修日期]]))) | O38: =IF(OR(工单[[#This Row],[楼栋]]="",工单[[#This Row],[房号/位置]]=""),"",COUNTIFS(INDEX(工单[楼栋],1):工单[[#This Row],[楼栋]],工单[[#This Row],[楼栋]],INDEX(工单[房号/位置],1):工单[[#This Row],[房号/位置]],工单[[#This Row],[房号/位置]])) -> 1
A39: =IF(OR(工单[[#This Row],[报修日期]]="",工单[[#This Row],[楼栋]]="",工单[[#This Row],[房号/位置]]=""),"待补",IF(工单[[#This Row],[楼栋]]="公共区域","公",IF(工单[[#This Row],[楼栋]]="商铺","S",SUBSTITUTE(工单[[#This Row],[楼栋]],"栋","")))&"-"&工单[[#This Row],[房号/位置]]&"-"&TEXT(MONTH(工单[[#This Row],[报修日期]]),"00")&TEXT(DAY(工单[[#This Row],[报修日期]]),"00")&IF(N(工单[[#This Row],[该户第几次]])>1,"-"&TEXT(工单[[#This Row],[该户第几次]],"00"),"")) -> 公-东大门-0501-02 | B39: 45778 | C39: 公区 | D39: 公共区域 | E39: 东大门 | F39: 门岗天花受潮破损修缮 | G39: 墙地饰面 | H39: 刘师傅 | J39: 5月1日 | L39: 跟进中 | N39: =IF(工单[[#This Row],[报修日期]]="","",IF(工单[[#This Row],[完成情况]]="已完成",IF(工单[[#This Row],[完成日期]]="","",工单[[#This Row],[完成日期]]-工单[[#This Row],[报修日期]]),IF(基准日<工单[[#This Row],[报修日期]],"",基准日-工单[[#This Row],[报修日期]]))) -> 6 | O39: =IF(OR(工单[[#This Row],[楼栋]]="",工单[[#This Row],[房号/位置]]=""),"",COUNTIFS(INDEX(工单[楼栋],1):工单[[#This Row],[楼栋]],工单[[#This Row],[楼栋]],INDEX(工单[房号/位置],1):工单[[#This Row],[房号/位置]],工单[[#This Row],[房号/位置]])) -> 2 | P39: 已补洞批腻子，待干燥后打磨刷乳胶漆
A40: =IF(OR(工单[[#This Row],[报修日期]]="",工单[[#This Row],[楼栋]]="",工单[[#This Row],[房号/位置]]=""),"待补",IF(工单[[#This Row],[楼栋]]="公共区域","公",IF(工单[[#This Row],[楼栋]]="商铺","S",SUBSTITUTE(工单[[#This Row],[楼栋]],"栋","")))&"-"&工单[[#This Row],[房号/位置]]&"-"&TEXT(MONTH(工单[[#This Row],[报修日期]]),"00")&TEXT(DAY(工单[[#This Row],[报修日期]]),"00")&IF(N(工单[[#This Row],[该户第几次]])>1,"-"&TEXT(工单[[#This Row],[该户第几次]],"00"),"")) -> 8-大堂-0501 | B40: 45778 | C40: 公区 | D40: 8栋 | E40: 大堂 | F40: 8栋大堂吊灯部分不亮 | G40: 电气照明 | H40: 陈师傅 | J40: 5月1日 下午 | L40: 已完成 | N40: =IF(工单[[#This Row],[报修日期]]="","",IF(工单[[#This Row],[完成情况]]="已完成",IF(工单[[#This Row],[完成日期]]="","",工单[[#This Row],[完成日期]]-工单[[#This Row],[报修日期]]),IF(基准日<工单[[#This Row],[报修日期]],"",基准日-工单[[#This Row],[报修日期]]))) | O40: =IF(OR(工单[[#This Row],[楼栋]]="",工单[[#This Row],[房号/位置]]=""),"",COUNTIFS(INDEX(工单[楼栋],1):工单[[#This Row],[楼栋]],工单[[#This Row],[楼栋]],INDEX(工单[房号/位置],1):工单[[#This Row],[房号/位置]],工单[[#This Row],[房号/位置]])) -> 1
A41: =IF(OR(工单[[#This Row],[报修日期]]="",工单[[#This Row],[楼栋]]="",工单[[#This Row],[房号/位置]]=""),"待补",IF(工单[[#This Row],[楼栋]]="公共区域","公",IF(工单[[#This Row],[楼栋]]="商铺","S",SUBSTITUTE(工单[[#This Row],[楼栋]],"栋","")))&"-"&工单[[#This Row],[房号/位置]]&"-"&TEXT(MONTH(工单[[#This Row],[报修日期]]),"00")&TEXT(DAY(工单[[#This Row],[报修日期]]),"00")&IF(N(工单[[#This Row],[该户第几次]])>1,"-"&TEXT(工单[[#This Row],[该户第几次]],"00"),"")) -> 7-凉亭-0501 | B41: 45778 | C41: 公区 | D41: 7栋 | E41: 凉亭 | F41: 凉亭顶部雨后积水不退 | G41: 给排水 | H41: 陈师傅 | I41: 王师傅 | J41: 5月1日 下午 | L41: 跟进中 | N41: =IF(工单[[#This Row],[报修日期]]="","",IF(工单[[#This Row],[完成情况]]="已完成",IF(工单[[#This Row],[完成日期]]="","",工单[[#This Row],[完成日期]]-工单[[#This Row],[报修日期]]),IF(基准日<工单[[#This Row],[报修日期]],"",基准日-工单[[#This Row],[报修日期]]))) -> 6 | O41: =IF(OR(工单[[#This Row],[楼栋]]="",工单[[#This Row],[房号/位置]]=""),"",COUNTIFS(INDEX(工单[楼栋],1):工单[[#This Row],[楼栋]],工单[[#This Row],[楼栋]],INDEX(工单[房号/位置],1):工单[[#This Row],[房号/位置]],工单[[#This Row],[房号/位置]])) -> 1 | P41: 雨水管被落叶堵死，预计重新改管道
A42: =IF(OR(工单[[#This Row],[报修日期]]="",工单[[#This Row],[楼栋]]="",工单[[#This Row],[房号/位置]]=""),"待补",IF(工单[[#This Row],[楼栋]]="公共区域","公",IF(工单[[#This Row],[楼栋]]="商铺","S",SUBSTITUTE(工单[[#This Row],[楼栋]],"栋","")))&"-"&工单[[#This Row],[房号/位置]]&"-"&TEXT(MONTH(工单[[#This Row],[报修日期]]),"00")&TEXT(DAY(工单[[#This Row],[报修日期]]),"00")&IF(N(工单[[#This Row],[该户第几次]])>1,"-"&TEXT(工单[[#This Row],[该户第几次]],"00"),"")) -> 5-1602-0502 | B42: 45779 | C42: 入户 | D42: 5栋 | E42: 1602 | F42: 次卧外墙窗边渗水 | G42: 渗漏防水 | H42: 李师傅 | J42: 5月2日 19:00 | L42: 跟进中 | N42: =IF(工单[[#This Row],[报修日期]]="","",IF(工单[[#This Row],[完成情况]]="已完成",IF(工单[[#This Row],[完成日期]]="","",工单[[#This Row],[完成日期]]-工单[[#This Row],[报修日期]]),IF(基准日<工单[[#This Row],[报修日期]],"",基准日-工单[[#This Row],[报修日期]]))) -> 5 | O42: =IF(OR(工单[[#This Row],[楼栋]]="",工单[[#This Row],[房号/位置]]=""),"",COUNTIFS(INDEX(工单[楼栋],1):工单[[#This Row],[楼栋]],工单[[#This Row],[楼栋]],INDEX(工单[房号/位置],1):工单[[#This Row],[房号/位置]],工单[[#This Row],[房号/位置]])) -> 1 | P42: 已查看，业主要求先处理室内墙面，再排查渗水点并尽快修复 | R42: 非常满意
A43: =IF(OR(工单[[#This Row],[报修日期]]="",工单[[#This Row],[楼栋]]="",工单[[#This Row],[房号/位置]]=""),"待补",IF(工单[[#This Row],[楼栋]]="公共区域","公",IF(工单[[#This Row],[楼栋]]="商铺","S",SUBSTITUTE(工单[[#This Row],[楼栋]],"栋","")))&"-"&工单[[#This Row],[房号/位置]]&"-"&TEXT(MONTH(工单[[#This Row],[报修日期]]),"00")&TEXT(DAY(工单[[#This Row],[报修日期]]),"00")&IF(N(工单[[#This Row],[该户第几次]])>1,"-"&TEXT(工单[[#This Row],[该户第几次]],"00"),"")) -> 11-2301-0502 | B43: 45779 | C43: 入户 | D43: 11栋 | E43: 2301 | F43: 燃气灶左边炉头点不着 | G43: 燃气厨电 | H43: 陈师傅 | J43: 5月2日 | L43: 已完成 | N43: =IF(工单[[#This Row],[报修日期]]="","",IF(工单[[#This Row],[完成情况]]="已完成",IF(工单[[#This Row],[完成日期]]="","",工单[[#This Row],[完成日期]]-工单[[#This Row],[报修日期]]),IF(基准日<工单[[#This Row],[报修日期]],"",基准日-工单[[#This Row],[报修日期]]))) | O43: =IF(OR(工单[[#This Row],[楼栋]]="",工单[[#This Row],[房号/位置]]=""),"",COUNTIFS(INDEX(工单[楼栋],1):工单[[#This Row],[楼栋]],工单[[#This Row],[楼栋]],INDEX(工单[房号/位置],1):工单[[#This Row],[房号/位置]],工单[[#This Row],[房号/位置]])) -> 1 | P43: 已由燃气公司人员处理 | R43: 非常满意
A44: =IF(OR(工单[[#This Row],[报修日期]]="",工单[[#This Row],[楼栋]]="",工单[[#This Row],[房号/位置]]=""),"待补",IF(工单[[#This Row],[楼栋]]="公共区域","公",IF(工单[[#This Row],[楼栋]]="商铺","S",SUBSTITUTE(工单[[#This Row],[楼栋]],"栋","")))&"-"&工单[[#This Row],[房号/位置]]&"-"&TEXT(MONTH(工单[[#This Row],[报修日期]]),"00")&TEXT(DAY(工单[[#This Row],[报修日期]]),"00")&IF(N(工单[[#This Row],[该户第几次]])>1,"-"&TEXT(工单[[#This Row],[该户第几次]],"00"),"")) -> 2-1201-0502 | B44: 45779 | C44: 入户 | D44: 2栋 | E44: 1201 | F44: 厨房下水管接头滴水 | G44: 给排水 | H44: 张师傅 | J44: 5月2日 9:00 | L44: 已完成 | N44: =IF(工单[[#This Row],[报修日期]]="","",IF(工单[[#This Row],[完成情况]]="已完成",IF(工单[[#This Row],[完成日期]]="","",工单[[#This Row],[完成日期]]-工单[[#This Row],[报修日期]]),IF(基准日<工单[[#This Row],[报修日期]],"",基准日-工单[[#This Row],[报修日期]]))) | O44: =IF(OR(工单[[#This Row],[楼栋]]="",工单[[#This Row],[房号/位置]]=""),"",COUNTIFS(INDEX(工单[楼栋],1):工单[[#This Row],[楼栋]],工单[[#This Row],[楼栋]],INDEX(工单[房号/位置],1):工单[[#This Row],[房号/位置]],工单[[#This Row],[房号/位置]])) -> 1 | R44: 非常满意
A45: =IF(OR(工单[[#This Row],[报修日期]]="",工单[[#This Row],[楼栋]]="",工单[[#This Row],[房号/位置]]=""),"待补",IF(工单[[#This Row],[楼栋]]="公共区域","公",IF(工单[[#This Row],[楼栋]]="商铺","S",SUBSTITUTE(工单[[#This Row],[楼栋]],"栋","")))&"-"&工单[[#This Row],[房号/位置]]&"-"&TEXT(MONTH(工单[[#This Row],[报修日期]]),"00")&TEXT(DAY(工单[[#This Row],[报修日期]]),"00")&IF(N(工单[[#This Row],[该户第几次]])>1,"-"&TEXT(工单[[#This Row],[该户第几次]],"00"),"")) -> 9-304-0502 | B45: 45779 | C45: 入户 | D45: 9栋 | E45: 304 | F45: 空调出风口发霉有黑点 | G45: 空调暖通 | H45: 李师傅 | J45: 5月2日 16:00 | K45: 优先2 | L45: 已完成 | N45: =IF(工单[[#This Row],[报修日期]]="","",IF(工单[[#This Row],[完成情况]]="已完成",IF(工单[[#This Row],[完成日期]]="","",工单[[#This Row],[完成日期]]-工单[[#This Row],[报修日期]]),IF(基准日<工单[[#This Row],[报修日期]],"",基准日-工单[[#This Row],[报修日期]]))) | O45: =IF(OR(工单[[#This Row],[楼栋]]="",工单[[#This Row],[房号/位置]]=""),"",COUNTIFS(INDEX(工单[楼栋],1):工单[[#This Row],[楼栋]],工单[[#This Row],[楼栋]],INDEX(工单[房号/位置],1):工单[[#This Row],[房号/位置]],工单[[#This Row],[房号/位置]])) -> 1 | P45: 已清洗消毒 | R45: 非常满意
A46: =IF(OR(工单[[#This Row],[报修日期]]="",工单[[#This Row],[楼栋]]="",工单[[#This Row],[房号/位置]]=""),"待补",IF(工单[[#This Row],[楼栋]]="公共区域","公",IF(工单[[#This Row],[楼栋]]="商铺","S",SUBSTITUTE(工单[[#This Row],[楼栋]],"栋","")))&"-"&工单[[#This Row],[房号/位置]]&"-"&TEXT(MONTH(工单[[#This Row],[报修日期]]),"00")&TEXT(DAY(工单[[#This Row],[报修日期]]),"00")&IF(N(工单[[#This Row],[该户第几次]])>1,"-"&TEXT(工单[[#This Row],[该户第几次]],"00"),"")) -> 6-201-0502 | B46: 45779 | C46: 入户 | D46: 6栋 | E46: 201 | F46: 房门锁舌弹不回来 | G46: 门窗五金 | H46: 张师傅 | J46: 5月2日 | L46: 已完成 | N46: =IF(工单[[#This Row],[报修日期]]="","",IF(工单[[#This Row],[完成情况]]="已完成",IF(工单[[#This Row],[完成日期]]="","",工单[[#This Row],[完成日期]]-工单[[#This Row],[报修日期]]),IF(基准日<工单[[#This Row],[报修日期]],"",基准日-工单[[#This Row],[报修日期]]))) | O46: =IF(OR(工单[[#This Row],[楼栋]]="",工单[[#This Row],[房号/位置]]=""),"",COUNTIFS(INDEX(工单[楼栋],1):工单[[#This Row],[楼栋]],工单[[#This Row],[楼栋]],INDEX(工单[房号/位置],1):工单[[#This Row],[房号/位置]],工单[[#This Row],[房号/位置]])) -> 1 | R46: 非常满意
A47: =IF(OR(工单[[#This Row],[报修日期]]="",工单[[#This Row],[楼栋]]="",工单[[#This Row],[房号/位置]]=""),"待补",IF(工单[[#This Row],[楼栋]]="公共区域","公",IF(工单[[#This Row],[楼栋]]="商铺","S",SUBSTITUTE(工单[[#This Row],[楼栋]],"栋","")))&"-"&工单[[#This Row],[房号/位置]]&"-"&TEXT(MONTH(工单[[#This Row],[报修日期]]),"00")&TEXT(DAY(工单[[#This Row],[报修日期]]),"00")&IF(N(工单[[#This Row],[该户第几次]])>1,"-"&TEXT(工单[[#This Row],[该户第几次]],"00"),"")) -> 10-2403-0502 | B47: 45779 | C47: 入户 | D47: 10栋 | E47: 2403 | F47: 出租前需要核对水电表读数 | G47: 其他 | H47: 张师傅 | J47: 5月2日 上午 | L47: 已完成 | N47: =IF(工单[[#This Row],[报修日期]]="","",IF(工单[[#This Row],[完成情况]]="已完成",IF(工单[[#This Row],[完成日期]]="","",工单[[#This Row],[完成日期]]-工单[[#This Row],[报修日期]]),IF(基准日<工单[[#This Row],[报修日期]],"",基准日-工单[[#This Row],[报修日期]]))) | O47: =IF(OR(工单[[#This Row],[楼栋]]="",工单[[#This Row],[房号/位置]]=""),"",COUNTIFS(INDEX(工单[楼栋],1):工单[[#This Row],[楼栋]],工单[[#This Row],[楼栋]],INDEX(工单[房号/位置],1):工单[[#This Row],[房号/位置]],工单[[#This Row],[房号/位置]])) -> 1 | R47: 非常满意
A48: =IF(OR(工单[[#This Row],[报修日期]]="",工单[[#This Row],[楼栋]]="",工单[[#This Row],[房号/位置]]=""),"待补",IF(工单[[#This Row],[楼栋]]="公共区域","公",IF(工单[[#This Row],[楼栋]]="商铺","S",SUBSTITUTE(工单[[#This Row],[楼栋]],"栋","")))&"-"&工单[[#This Row],[房号/位置]]&"-"&TEXT(MONTH(工单[[#This Row],[报修日期]]),"00")&TEXT(DAY(工单[[#This Row],[报修日期]]),"00")&IF(N(工单[[#This Row],[该户第几次]])>1,"-"&TEXT(工单[[#This Row],[该户第几次]],"00"),"")) -> 6-3304-0502 | B48: 45779 | C48: 入户 | D48: 6栋 | E48: 3304 | F48: 空调外机噪音大 | G48: 空调暖通 | H48: 李师傅 | J48: 5月2日 | K48: 优先1 | L48: 跟进中 | N48: =IF(工单[[#This Row],[报修日期]]="","",IF(工单[[#This Row],[完成情况]]="已完成",IF(工单[[#This Row],[完成日期]]="","",工单[[#This Row],[完成日期]]-工单[[#This Row],[报修日期]]),IF(基准日<工单[[#This Row],[报修日期]],"",基准日-工单[[#This Row],[报修日期]]))) -> 5 | O48: =IF(OR(工单[[#This Row],[楼栋]]="",工单[[#This Row],[房号/位置]]=""),"",COUNTIFS(INDEX(工单[楼栋],1):工单[[#This Row],[楼栋]],工单[[#This Row],[楼栋]],INDEX(工单[房号/位置],1):工单[[#This Row],[房号/位置]],工单[[#This Row],[房号/位置]])) -> 1 | P48: 非物业维修范围，业主已联系空调售后 | R48: 非常满意
A49: =IF(OR(工单[[#This Row],[报修日期]]="",工单[[#This Row],[楼栋]]="",工单[[#This Row],[房号/位置]]=""),"待补",IF(工单[[#This Row],[楼栋]]="公共区域","公",IF(工单[[#This Row],[楼栋]]="商铺","S",SUBSTITUTE(工单[[#This Row],[楼栋]],"栋","")))&"-"&工单[[#This Row],[房号/位置]]&"-"&TEXT(MONTH(工单[[#This Row],[报修日期]]),"00")&TEXT(DAY(工单[[#This Row],[报修日期]]),"00")&IF(N(工单[[#This Row],[该户第几次]])>1,"-"&TEXT(工单[[#This Row],[该户第几次]],"00"),"")) -> 7-2503-0502 | B49: 45779 | C49: 入户 | D49: 7栋 | E49: 2503 | F49: 客厅需要安装吸顶灯 | G49: 电气照明 | H49: 张师傅 | J49: 5月2日 16:00 | K49: 优先2 | L49: 已完成 | N49: =IF(工单[[#This Row],[报修日期]]="","",IF(工单[[#This Row],[完成情况]]="已完成",IF(工单[[#This Row],[完成日期]]="","",工单[[#This Row],[完成日期]]-工单[[#This Row],[报修日期]]),IF(基准日<工单[[#This Row],[报修日期]],"",基准日-工单[[#This Row],[报修日期]]))) | O49: =IF(OR(工单[[#This Row],[楼栋]]="",工单[[#This Row],[房号/位置]]=""),"",COUNTIFS(INDEX(工单[楼栋],1):工单[[#This Row],[楼栋]],工单[[#This Row],[楼栋]],INDEX(工单[房号/位置],1):工单[[#This Row],[房号/位置]],工单[[#This Row],[房号/位置]])) -> 1 | R49: 非常满意
A50: =IF(OR(工单[[#This Row],[报修日期]]="",工单[[#This Row],[楼栋]]="",工单[[#This Row],[房号/位置]]=""),"待补",IF(工单[[#This Row],[楼栋]]="公共区域","公",IF(工单[[#This Row],[楼栋]]="商铺","S",SUBSTITUTE(工单[[#This Row],[楼栋]],"栋","")))&"-"&工单[[#This Row],[房号/位置]]&"-"&TEXT(MONTH(工单[[#This Row],[报修日期]]),"00")&TEXT(DAY(工单[[#This Row],[报修日期]]),"00")&IF(N(工单[[#This Row],[该户第几次]])>1,"-"&TEXT(工单[[#This Row],[该户第几次]],"00"),"")) -> 9-1102-0502 | B50: 45779 | C50: 入户 | D50: 9栋 | E50: 1102 | F50: 客厅灯带一半不亮 | G50: 电气照明 | H50: 李师傅 | J50: 5月2日 15:31 | K50: 优先2 | L50: 已完成 | N50: =IF(工单[[#This Row],[报修日期]]="","",IF(工单[[#This Row],[完成情况]]="已完成",IF(工单[[#This Row],[完成日期]]="","",工单[[#This Row],[完成日期]]-工单[[#This Row],[报修日期]]),IF(基准日<工单[[#This Row],[报修日期]],"",基准日-工单[[#This Row],[报修日期]]))) | O50: =IF(OR(工单[[#This Row],[楼栋]]="",工单[[#This Row],[房号/位置]]=""),"",COUNTIFS(INDEX(工单[楼栋],1):工单[[#This Row],[楼栋]],工单[[#This Row],[楼栋]],INDEX(工单[房号/位置],1):工单[[#This Row],[房号/位置]],工单[[#This Row],[房号/位置]])) -> 1 | R50: 非常满意 | S50: 很好，服务到位
A51: =IF(OR(工单[[#This Row],[报修日期]]="",工单[[#This Row],[楼栋]]="",工单[[#This Row],[房号/位置]]=""),"待补",IF(工单[[#This Row],[楼栋]]="公共区域","公",IF(工单[[#This Row],[楼栋]]="商铺","S",SUBSTITUTE(工单[[#This Row],[楼栋]],"栋","")))&"-"&工单[[#This Row],[房号/位置]]&"-"&TEXT(MONTH(工单[[#This Row],[报修日期]]),"00")&TEXT(DAY(工单[[#This Row],[报修日期]]),"00")&IF(N(工单[[#This Row],[该户第几次]])>1,"-"&TEXT(工单[[#This Row],[该户第几次]],"00"),"")) -> 5-1501-0502 | B51: 45779 | C51: 入户 | D51: 5栋 | E51: 1501 | F51: 主卧外墙渗水，墙纸发霉 | G51: 渗漏防水 | H51: 陈师傅 | J51: 5月2日 约17:00 | K51: 优先1 | L51: 跟进中 | N51: =IF(工单[[#This Row],[报修日期]]="","",IF(工单[[#This Row],[完成情况]]="已完成",IF(工单[[#This Row],[完成日期]]="","",工单[[#This Row],[完成日期]]-工单[[#This Row],[报修日期]]),IF(基准日<工单[[#This Row],[报修日期]],"",基准日-工单[[#This Row],[报修日期]]))) -> 5 | O51: =IF(OR(工单[[#This Row],[楼栋]]="",工单[[#This Row],[房号/位置]]=""),"",COUNTIFS(INDEX(工单[楼栋],1):工单[[#This Row],[楼栋]],工单[[#This Row],[楼栋]],INDEX(工单[房号/位置],1):工单[[#This Row],[房号/位置]],工单[[#This Row],[房号/位置]])) -> 1 | P51: 已现场拍照留证，待后续协商处理（业主意向使用公共维修资金） | R51: 非常满意
A52: =IF(OR(工单[[#This Row],[报修日期]]="",工单[[#This Row],[楼栋]]="",工单[[#This Row],[房号/位置]]=""),"待补",IF(工单[[#This Row],[楼栋]]="公共区域","公",IF(工单[[#This Row],[楼栋]]="商铺","S",SUBSTITUTE(工单[[#This Row],[楼栋]],"栋","")))&"-"&工单[[#This Row],[房号/位置]]&"-"&TEXT(MONTH(工单[[#This Row],[报修日期]]),"00")&TEXT(DAY(工单[[#This Row],[报修日期]]),"00")&IF(N(工单[[#This Row],[该户第几次]])>1,"-"&TEXT(工单[[#This Row],[该户第几次]],"00"),"")) -> 10-502-0502 | B52: 45779 | C52: 入户 | D52: 10栋 | E52: 502 | F52: 卫生间门框受潮变形，浴室柜板脱皮 | G52: 门窗五金 | H52: 陈师傅 | J52: 5月2日 | K52: 优先1 | L52: 已完成 | N52: =IF(工单[[#This Row],[报修日期]]="","",IF(工单[[#This Row],[完成情况]]="已完成",IF(工单[[#This Row],[完成日期]]="","",工单[[#This Row],[完成日期]]-工单[[#This Row],[报修日期]]),IF(基准日<工单[[#This Row],[报修日期]],"",基准日-工单[[#This Row],[报修日期]]))) | O52: =IF(OR(工单[[#This Row],[楼栋]]="",工单[[#This Row],[房号/位置]]=""),"",COUNTIFS(INDEX(工单[楼栋],1):工单[[#This Row],[楼栋]],工单[[#This Row],[楼栋]],INDEX(工单[房号/位置],1):工单[[#This Row],[房号/位置]],工单[[#This Row],[房号/位置]])) -> 1 | R52: 非常满意
A53: =IF(OR(工单[[#This Row],[报修日期]]="",工单[[#This Row],[楼栋]]="",工单[[#This Row],[房号/位置]]=""),"待补",IF(工单[[#This Row],[楼栋]]="公共区域","公",IF(工单[[#This Row],[楼栋]]="商铺","S",SUBSTITUTE(工单[[#This Row],[楼栋]],"栋","")))&"-"&工单[[#This Row],[房号/位置]]&"-"&TEXT(MONTH(工单[[#This Row],[报修日期]]),"00")&TEXT(DAY(工单[[#This Row],[报修日期]]),"00")&IF(N(工单[[#This Row],[该户第几次]])>1,"-"&TEXT(工单[[#This Row],[该户第几次]],"00"),"")) -> 7-1004-0502 | B53: 45779 | C53: 入户 | D53: 7栋 | E53: 1004 | F53: 窗帘滑轨脱落、玄关灯带不亮、门把手松 | G53: 门窗五金 | H53: 李师傅 | J53: 5月2日 17:00 | K53: 优先2 | L53: 已完成 | N53: =IF(工单[[#This Row],[报修日期]]="","",IF(工单[[#This Row],[完成情况]]="已完成",IF(工单[[#This Row],[完成日期]]="","",工单[[#This Row],[完成日期]]-工单[[#This Row],[报修日期]]),IF(基准日<工单[[#This Row],[报修日期]],"",基准日-工单[[#This Row],[报修日期]]))) | O53: =IF(OR(工单[[#This Row],[楼栋]]="",工单[[#This Row],[房号/位置]]=""),"",COUNTIFS(INDEX(工单[楼栋],1):工单[[#This Row],[楼栋]],工单[[#This Row],[楼栋]],INDEX(工单[房号/位置],1):工单[[#This Row],[房号/位置]],工单[[#This Row],[房号/位置]])) -> 1 | P53: 灯带变压器（12V/4A）需业主自购，到货后再约更换 | R53: 非常满意
A54: =IF(OR(工单[[#This Row],[报修日期]]="",工单[[#This Row],[楼栋]]="",工单[[#This Row],[房号/位置]]=""),"待补",IF(工单[[#This Row],[楼栋]]="公共区域","公",IF(工单[[#This Row],[楼栋]]="商铺","S",SUBSTITUTE(工单[[#This Row],[楼栋]],"栋","")))&"-"&工单[[#This Row],[房号/位置]]&"-"&TEXT(MONTH(工单[[#This Row],[报修日期]]),"00")&TEXT(DAY(工单[[#This Row],[报修日期]]),"00")&IF(N(工单[[#This Row],[该户第几次]])>1,"-"&TEXT(工单[[#This Row],[该户第几次]],"00"),"")) -> 10-1901-0502 | B54: 45779 | C54: 入户 | D54: 10栋 | E54: 1901 | F54: 门把手松动；门口感应灯常亮，想加装开关 | G54: 门窗五金 | H54: 李师傅 | J54: 5月2日 20:40 | L54: 已完成 | N54: =IF(工单[[#This Row],[报修日期]]="","",IF(工单[[#This Row],[完成情况]]="已完成",IF(工单[[#This Row],[完成日期]]="","",工单[[#This Row],[完成日期]]-工单[[#This Row],[报修日期]]),IF(基准日<工单[[#This Row],[报修日期]],"",基准日-工单[[#This Row],[报修日期]]))) | O54: =IF(OR(工单[[#This Row],[楼栋]]="",工单[[#This Row],[房号/位置]]=""),"",COUNTIFS(INDEX(工单[楼栋],1):工单[[#This Row],[楼栋]],工单[[#This Row],[楼栋]],INDEX(工单[房号/位置],1):工单[[#This Row],[房号/位置]],工单[[#This Row],[房号/位置]])) -> 1 | P54: 经业主同意，先将门口感应灯电源断开 | R54: 非常满意
A55: =IF(OR(工单[[#This Row],[报修日期]]="",工单[[#This Row],[楼栋]]="",工单[[#This Row],[房号/位置]]=""),"待补",IF(工单[[#This Row],[楼栋]]="公共区域","公",IF(工单[[#This Row],[楼栋]]="商铺","S",SUBSTITUTE(工单[[#This Row],[楼栋]],"栋","")))&"-"&工单[[#This Row],[房号/位置]]&"-"&TEXT(MONTH(工单[[#This Row],[报修日期]]),"00")&TEXT(DAY(工单[[#This Row],[报修日期]]),"00")&IF(N(工单[[#This Row],[该户第几次]])>1,"-"&TEXT(工单[[#This Row],[该户第几次]],"00"),"")) -> 5-503-0502-02 | B55: 45779 | C55: 入户 | D55: 5栋 | E55: 503 | F55: 厨房、卫生间门槛石松动 | G55: 墙地饰面 | H55: 李师傅 | J55: 5月2日 21:20 | L55: 已完成 | N55: =IF(工单[[#This Row],[报修日期]]="","",IF(工单[[#This Row],[完成情况]]="已完成",IF(工单[[#This Row],[完成日期]]="","",工单[[#This Row],[完成日期]]-工单[[#This Row],[报修日期]]),IF(基准日<工单[[#This Row],[报修日期]],"",基准日-工单[[#This Row],[报修日期]]))) | O55: =IF(OR(工单[[#This Row],[楼栋]]="",工单[[#This Row],[房号/位置]]=""),"",COUNTIFS(INDEX(工单[楼栋],1):工单[[#This Row],[楼栋]],工单[[#This Row],[楼栋]],INDEX(工单[房号/位置],1):工单[[#This Row],[房号/位置]],工单[[#This Row],[房号/位置]])) -> 2 | R55: 非常满意
A56: =IF(OR(工单[[#This Row],[报修日期]]="",工单[[#This Row],[楼栋]]="",工单[[#This Row],[房号/位置]]=""),"待补",IF(工单[[#This Row],[楼栋]]="公共区域","公",IF(工单[[#This Row],[楼栋]]="商铺","S",SUBSTITUTE(工单[[#This Row],[楼栋]],"栋","")))&"-"&工单[[#This Row],[房号/位置]]&"-"&TEXT(MONTH(工单[[#This Row],[报修日期]]),"00")&TEXT(DAY(工单[[#This Row],[报修日期]]),"00")&IF(N(工单[[#This Row],[该户第几次]])>1,"-"&TEXT(工单[[#This Row],[该户第几次]],"00"),"")) -> 5-2101-0502 | B56: 45779 | C56: 入户 | D56: 5栋 | E56: 2101 | F56: 洗手盆下水返臭 | G56: 给排水 | H56: 张师傅 | J56: 5月2日 上午 | L56: 已完成 | N56: =IF(工单[[#This Row],[报修日期]]="","",IF(工单[[#This Row],[完成情况]]="已完成",IF(工单[[#This Row],[完成日期]]="","",工单[[#This Row],[完成日期]]-工单[[#This Row],[报修日期]]),IF(基准日<工单[[#This Row],[报修日期]],"",基准日-工单[[#This Row],[报修日期]]))) | O56: =IF(OR(工单[[#This Row],[楼栋]]="",工单[[#This Row],[房号/位置]]=""),"",COUNTIFS(INDEX(工单[楼栋],1):工单[[#This Row],[楼栋]],工单[[#This Row],[楼栋]],INDEX(工单[房号/位置],1):工单[[#This Row],[房号/位置]],工单[[#This Row],[房号/位置]])) -> 1 | P56: 已加装存水弯 | R56: 非常满意
A57: =IF(OR(工单[[#This Row],[报修日期]]="",工单[[#This Row],[楼栋]]="",工单[[#This Row],[房号/位置]]=""),"待补",IF(工单[[#This Row],[楼栋]]="公共区域","公",IF(工单[[#This Row],[楼栋]]="商铺","S",SUBSTITUTE(工单[[#This Row],[楼栋]],"栋","")))&"-"&工单[[#This Row],[房号/位置]]&"-"&TEXT(MONTH(工单[[#This Row],[报修日期]]),"00")&TEXT(DAY(工单[[#This Row],[报修日期]]),"00")&IF(N(工单[[#This Row],[该户第几次]])>1,"-"&TEXT(工单[[#This Row],[该户第几次]],"00"),"")) -> 10-3302-0502 | B57: 45779 | C57: 入户 | D57: 10栋 | E57: 3302 | F57: 入户门关不严，漏风 | G57: 门窗五金 | H57: 李师傅 | J57: 5月2日 10:30 | K57: 优先1 | L57: 已完成 | N57: =IF(工单[[#This Row],[报修日期]]="","",IF(工单[[#This Row],[完成情况]]="已完成",IF(工单[[#This Row],[完成日期]]="","",工单[[#This Row],[完成日期]]-工单[[#This Row],[报修日期]]),IF(基准日<工单[[#This Row],[报修日期]],"",基准日-工单[[#This Row],[报修日期]]))) | O57: =IF(OR(工单[[#This Row],[楼栋]]="",工单[[#This Row],[房号/位置]]=""),"",COUNTIFS(INDEX(工单[楼栋],1):工单[[#This Row],[楼栋]],工单[[#This Row],[楼栋]],INDEX(工单[房号/位置],1):工单[[#This Row],[房号/位置]],工单[[#This Row],[房号/位置]])) -> 1 | R57: 非常满意
A58: =IF(OR(工单[[#This Row],[报修日期]]="",工单[[#This Row],[楼栋]]="",工单[[#This Row],[房号/位置]]=""),"待补",IF(工单[[#This Row],[楼栋]]="公共区域","公",IF(工单[[#This Row],[楼栋]]="商铺","S",SUBSTITUTE(工单[[#This Row],[楼栋]],"栋","")))&"-"&工单[[#This Row],[房号/位置]]&"-"&TEXT(MONTH(工单[[#This Row],[报修日期]]),"00")&TEXT(DAY(工单[[#This Row],[报修日期]]),"00")&IF(N(工单[[#This Row],[该户第几次]])>1,"-"&TEXT(工单[[#This Row],[该户第几次]],"00"),"")) -> 3-2904-0502 | B58: 45779 | C58: 入户 | D58: 3栋 | E58: 2904 | F58: 淋浴房挡水胶条脱落 | G58: 门窗五金 | H58: 陈师傅 | J58: 5月2日 下午 | L58: 已完成 | N58: =IF(工单[[#This Row],[报修日期]]="","",IF(工单[[#This Row],[完成情况]]="已完成",IF(工单[[#This Row],[完成日期]]="","",工单[[#This Row],[完成日期]]-工单[[#This Row],[报修日期]]),IF(基准日<工单[[#This Row],[报修日期]],"",基准日-工单[[#This Row],[报修日期]]))) | O58: =IF(OR(工单[[#This Row],[楼栋]]="",工单[[#This Row],[房号/位置]]=""),"",COUNTIFS(INDEX(工单[楼栋],1):工单[[#This Row],[楼栋]],工单[[#This Row],[楼栋]],INDEX(工单[房号/位置],1):工单[[#This Row],[房号/位置]],工单[[#This Row],[房号/位置]])) -> 1 | R58: 满意
A59: =IF(OR(工单[[#This Row],[报修日期]]="",工单[[#This Row],[楼栋]]="",工单[[#This Row],[房号/位置]]=""),"待补",IF(工单[[#This Row],[楼栋]]="公共区域","公",IF(工单[[#This Row],[楼栋]]="商铺","S",SUBSTITUTE(工单[[#This Row],[楼栋]],"栋","")))&"-"&工单[[#This Row],[房号/位置]]&"-"&TEXT(MONTH(工单[[#This Row],[报修日期]]),"00")&TEXT(DAY(工单[[#This Row],[报修日期]]),"00")&IF(N(工单[[#This Row],[该户第几次]])>1,"-"&TEXT(工单[[#This Row],[该户第几次]],"00"),"")) -> 8-2704-0502 | B59: 45779 | C59: 入户 | D59: 8栋 | E59: 2704 | F59: 空调开机风口滴水 | G59: 空调暖通 | H59: 张师傅 | I59: 李师傅 | J59: 5月2日 15:00 | L59: 已完成 | N59: =IF(工单[[#This Row],[报修日期]]="","",IF(工单[[#This Row],[完成情况]]="已完成",IF(工单[[#This Row],[完成日期]]="","",工单[[#This Row],[完成日期]]-工单[[#This Row],[报修日期]]),IF(基准日<工单[[#This Row],[报修日期]],"",基准日-工单[[#This Row],[报修日期]]))) | O59: =IF(OR(工单[[#This Row],[楼栋]]="",工单[[#This Row],[房号/位置]]=""),"",COUNTIFS(INDEX(工单[楼栋],1):工单[[#This Row],[楼栋]],工单[[#This Row],[楼栋]],INDEX(工单[房号/位置],1):工单[[#This Row],[房号/位置]],工单[[#This Row],[房号/位置]])) -> 1 | P59: 已加贴保温棉 | R59: 非常满意
A60: =IF(OR(工单[[#This Row],[报修日期]]="",工单[[#This Row],[楼栋]]="",工单[[#This Row],[房号/位置]]=""),"待补",IF(工单[[#This Row],[楼栋]]="公共区域","公",IF(工单[[#This Row],[楼栋]]="商铺","S",SUBSTITUTE(工单[[#This Row],[楼栋]],"栋","")))&"-"&工单[[#This Row],[房号/位置]]&"-"&TEXT(MONTH(工单[[#This Row],[报修日期]]),"00")&TEXT(DAY(工单[[#This Row],[报修日期]]),"00")&IF(N(工单[[#This Row],[该户第几次]])>1,"-"&TEXT(工单[[#This Row],[该户第几次]],"00"),"")) -> 2-702-0502 | B60: 45779 | C60: 入户 | D60: 2栋 | E60: 702 | F60: 橱柜门下垂关不上 | G60: 门窗五金 | H60: 刘师傅 | J60: 5月2日 17:00 | L60: 已完成 | N60: =IF(工单[[#This Row],[报修日期]]="","",IF(工单[[#This Row],[完成情况]]="已完成",IF(工单[[#This Row],[完成日期]]="","",工单[[#This Row],[完成日期]]-工单[[#This Row],[报修日期]]),IF(基准日<工单[[#This Row],[报修日期]],"",基准日-工单[[#This Row],[报修日期]]))) | O60: =IF(OR(工单[[#This Row],[楼栋]]="",工单[[#This Row],[房号/位置]]=""),"",COUNTIFS(INDEX(工单[楼栋],1):工单[[#This Row],[楼栋]],工单[[#This Row],[楼栋]],INDEX(工单[房号/位置],1):工单[[#This Row],[房号/位置]],工单[[#This Row],[房号/位置]])) -> 1 | R60: 非常满意
A61: =IF(OR(工单[[#This Row],[报修日期]]="",工单[[#This Row],[楼栋]]="",工单[[#This Row],[房号/位置]]=""),"待补",IF(工单[[#This Row],[楼栋]]="公共区域","公",IF(工单[[#This Row],[楼栋]]="商铺","S",SUBSTITUTE(工单[[#This Row],[楼栋]],"栋","")))&"-"&工单[[#This Row],[房号/位置]]&"-"&TEXT(MONTH(工单[[#This Row],[报修日期]]),"00")&TEXT(DAY(工单[[#This Row],[报修日期]]),"00")&IF(N(工单[[#This Row],[该户第几次]])>1,"-"&TEXT(工单[[#This Row],[该户第几次]],"00"),"")) -> 7-1301-0502 | B61: 45779 | C61: 入户 | D61: 7栋 | E61: 1301 | F61: 卧室墙面出现细小裂纹 | G61: 墙地饰面 | H61: 李师傅 | J61: 5月2日 19:00 | K61: 优先2 | L61: 跟进中 | N61: =IF(工单[[#This Row],[报修日期]]="","",IF(工单[[#This Row],[完成情况]]="已完成",IF(工单[[#This Row],[完成日期]]="","",工单[[#This Row],[完成日期]]-工单[[#This Row],[报修日期]]),IF(基准日<工单[[#This Row],[报修日期]],"",基准日-工单[[#This Row],[报修日期]]))) -> 5 | O61: =IF(OR(工单[[#This Row],[楼栋]]="",工单[[#This Row],[房号/位置]]=""),"",COUNTIFS(INDEX(工单[楼栋],1):工单[[#This Row],[楼栋]],工单[[#This Row],[楼栋]],INDEX(工单[房号/位置],1):工单[[#This Row],[房号/位置]],工单[[#This Row],[房号/位置]])) -> 1 | P61: 已现场查看，待腻子干透后打磨修补
A62: =IF(OR(工单[[#This Row],[报修日期]]="",工单[[#This Row],[楼栋]]="",工单[[#This Row],[房号/位置]]=""),"待补",IF(工单[[#This Row],[楼栋]]="公共区域","公",IF(工单[[#This Row],[楼栋]]="商铺","S",SUBSTITUTE(工单[[#This Row],[楼栋]],"栋","")))&"-"&工单[[#This Row],[房号/位置]]&"-"&TEXT(MONTH(工单[[#This Row],[报修日期]]),"00")&TEXT(DAY(工单[[#This Row],[报修日期]]),"00")&IF(N(工单[[#This Row],[该户第几次]])>1,"-"&TEXT(工单[[#This Row],[该户第几次]],"00"),"")) -> 公-946车位-0502 | B62: 45779 | C62: 公区 | D62: 公共区域 | E62: 946车位 | F62: 车位上方灯管闪烁 | G62: 电气照明 | H62: 张师傅 | J62: 5月2日 上午 | L62: 已完成 | N62: =IF(工单[[#This Row],[报修日期]]="","",IF(工单[[#This Row],[完成情况]]="已完成",IF(工单[[#This Row],[完成日期]]="","",工单[[#This Row],[完成日期]]-工单[[#This Row],[报修日期]]),IF(基准日<工单[[#This Row],[报修日期]],"",基准日-工单[[#This Row],[报修日期]]))) | O62: =IF(OR(工单[[#This Row],[楼栋]]="",工单[[#This Row],[房号/位置]]=""),"",COUNTIFS(INDEX(工单[楼栋],1):工单[[#This Row],[楼栋]],工单[[#This Row],[楼栋]],INDEX(工单[房号/位置],1):工单[[#This Row],[房号/位置]],工单[[#This Row],[房号/位置]])) -> 1
A63: =IF(OR(工单[[#This Row],[报修日期]]="",工单[[#This Row],[楼栋]]="",工单[[#This Row],[房号/位置]]=""),"待补",IF(工单[[#This Row],[楼栋]]="公共区域","公",IF(工单[[#This Row],[楼栋]]="商铺","S",SUBSTITUTE(工单[[#This Row],[楼栋]],"栋","")))&"-"&工单[[#This Row],[房号/位置]]&"-"&TEXT(MONTH(工单[[#This Row],[报修日期]]),"00")&TEXT(DAY(工单[[#This Row],[报修日期]]),"00")&IF(N(工单[[#This Row],[该户第几次]])>1,"-"&TEXT(工单[[#This Row],[该户第几次]],"00"),"")) -> 11-负一-0502 | B63: 45779 | C63: 公区 | D63: 11栋 | E63: 负一 | F63: 负一层防火门关不上 | G63: 门窗五金 | H63: 张师傅 | J63: 5月2日 上午 | L63: 已完成 | N63: =IF(工单[[#This Row],[报修日期]]="","",IF(工单[[#This Row],[完成情况]]="已完成",IF(工单[[#This Row],[完成日期]]="","",工单[[#This Row],[完成日期]]-工单[[#This Row],[报修日期]]),IF(基准日<工单[[#This Row],[报修日期]],"",基准日-工单[[#This Row],[报修日期]]))) | O63: =IF(OR(工单[[#This Row],[楼栋]]="",工单[[#This Row],[房号/位置]]=""),"",COUNTIFS(INDEX(工单[楼栋],1):工单[[#This Row],[楼栋]],工单[[#This Row],[楼栋]],INDEX(工单[房号/位置],1):工单[[#This Row],[房号/位置]],工单[[#This Row],[房号/位置]])) -> 1
A64: =IF(OR(工单[[#This Row],[报修日期]]="",工单[[#This Row],[楼栋]]="",工单[[#This Row],[房号/位置]]=""),"待补",IF(工单[[#This Row],[楼栋]]="公共区域","公",IF(工单[[#This Row],[楼栋]]="商铺","S",SUBSTITUTE(工单[[#This Row],[楼栋]],"栋","")))&"-"&工单[[#This Row],[房号/位置]]&"-"&TEXT(MONTH(工单[[#This Row],[报修日期]]),"00")&TEXT(DAY(工单[[#This Row],[报修日期]]),"00")&IF(N(工单[[#This Row],[该户第几次]])>1,"-"&TEXT(工单[[#This Row],[该户第几次]],"00"),"")) -> 10-1楼-0502 | B64: 45779 | C64: 公区 | D64: 10栋 | E64: 1楼 | F64: 电梯厅排风扇不转 | G64: 电气照明 | H64: 张师傅 | J64: 5月2日 上午 | L64: 已完成 | N64: =IF(工单[[#This Row],[报修日期]]="","",IF(工单[[#This Row],[完成情况]]="已完成",IF(工单[[#This Row],[完成日期]]="","",工单[[#This Row],[完成日期]]-工单[[#This Row],[报修日期]]),IF(基准日<工单[[#This Row],[报修日期]],"",基准日-工单[[#This Row],[报修日期]]))) | O64: =IF(OR(工单[[#This Row],[楼栋]]="",工单[[#This Row],[房号/位置]]=""),"",COUNTIFS(INDEX(工单[楼栋],1):工单[[#This Row],[楼栋]],工单[[#This Row],[楼栋]],INDEX(工单[房号/位置],1):工单[[#This Row],[房号/位置]],工单[[#This Row],[房号/位置]])) -> 1 | P64: 已更换新风扇
A65: =IF(OR(工单[[#This Row],[报修日期]]="",工单[[#This Row],[楼栋]]="",工单[[#This Row],[房号/位置]]=""),"待补",IF(工单[[#This Row],[楼栋]]="公共区域","公",IF(工单[[#This Row],[楼栋]]="商铺","S",SUBSTITUTE(工单[[#This Row],[楼栋]],"栋","")))&"-"&工单[[#This Row],[房号/位置]]&"-"&TEXT(MONTH(工单[[#This Row],[报修日期]]),"00")&TEXT(DAY(工单[[#This Row],[报修日期]]),"00")&IF(N(工单[[#This Row],[该户第几次]])>1,"-"&TEXT(工单[[#This Row],[该户第几次]],"00"),"")) -> 10-大堂-0502 | B65: 45779 | C65: 公区 | D65: 10栋 | E65: 大堂 | F65: 大堂门禁主机反复重启 | G65: 弱电门禁 | H65: 张师傅 | J65: 5月2日 上午 | L65: 已完成 | N65: =IF(工单[[#This Row],[报修日期]]="","",IF(工单[[#This Row],[完成情况]]="已完成",IF(工单[[#This Row],[完成日期]]="","",工单[[#This Row],[完成日期]]-工单[[#This Row],[报修日期]]),IF(基准日<工单[[#This Row],[报修日期]],"",基准日-工单[[#This Row],[报修日期]]))) | O65: =IF(OR(工单[[#This Row],[楼栋]]="",工单[[#This Row],[房号/位置]]=""),"",COUNTIFS(INDEX(工单[楼栋],1):工单[[#This Row],[楼栋]],工单[[#This Row],[楼栋]],INDEX(工单[房号/位置],1):工单[[#This Row],[房号/位置]],工单[[#This Row],[房号/位置]])) -> 1
A66: =IF(OR(工单[[#This Row],[报修日期]]="",工单[[#This Row],[楼栋]]="",工单[[#This Row],[房号/位置]]=""),"待补",IF(工单[[#This Row],[楼栋]]="公共区域","公",IF(工单[[#This Row],[楼栋]]="商铺","S",SUBSTITUTE(工单[[#This Row],[楼栋]],"栋","")))&"-"&工单[[#This Row],[房号/位置]]&"-"&TEXT(MONTH(工单[[#This Row],[报修日期]]),"00")&TEXT(DAY(工单[[#This Row],[报修日期]]),"00")&IF(N(工单[[#This Row],[该户第几次]])>1,"-"&TEXT(工单[[#This Row],[该户第几次]],"00"),"")) -> 公-919车位-0502 | B66: 45779 | C66: 公区 | D66: 公共区域 | E66: 919车位 | F66: 车道灯管不亮 | G66: 电气照明 | H66: 张师傅 | J66: 5月2日 上午 | L66: 已完成 | N66: =IF(工单[[#This Row],[报修日期]]="","",IF(工单[[#This Row],[完成情况]]="已完成",IF(工单[[#This Row],[完成日期]]="","",工单[[#This Row],[完成日期]]-工单[[#This Row],[报修日期]]),IF(基准日<工单[[#This Row],[报修日期]],"",基准日-工单[[#This Row],[报修日期]]))) | O66: =IF(OR(工单[[#This Row],[楼栋]]="",工单[[#This Row],[房号/位置]]=""),"",COUNTIFS(INDEX(工单[楼栋],1):工单[[#This Row],[楼栋]],工单[[#This Row],[楼栋]],INDEX(工单[房号/位置],1):工单[[#This Row],[房号/位置]],工单[[#This Row],[房号/位置]])) -> 1
A67: =IF(OR(工单[[#This Row],[报修日期]]="",工单[[#This Row],[楼栋]]="",工单[[#This Row],[房号/位置]]=""),"待补",IF(工单[[#This Row],[楼栋]]="公共区域","公",IF(工单[[#This Row],[楼栋]]="商铺","S",SUBSTITUTE(工单[[#This Row],[楼栋]],"栋","")))&"-"&工单[[#This Row],[房号/位置]]&"-"&TEXT(MONTH(工单[[#This Row],[报修日期]]),"00")&TEXT(DAY(工单[[#This Row],[报修日期]]),"00")&IF(N(工单[[#This Row],[该户第几次]])>1,"-"&TEXT(工单[[#This Row],[该户第几次]],"00"),"")) -> 11-602-0503 | B67: 45780 | C67: 入户 | D67: 11栋 | E67: 602 | F67: 淋浴房推拉门滑不动 | G67: 门窗五金 | H67: 张师傅 | J67: 5月3日 上午 | L67: 已完成 | N67: =IF(工单[[#This Row],[报修日期]]="","",IF(工单[[#This Row],[完成情况]]="已完成",IF(工单[[#This Row],[完成日期]]="","",工单[[#This Row],[完成日期]]-工单[[#This Row],[报修日期]]),IF(基准日<工单[[#This Row],[报修日期]],"",基准日-工单[[#This Row],[报修日期]]))) | O67: =IF(OR(工单[[#This Row],[楼栋]]="",工单[[#This Row],[房号/位置]]=""),"",COUNTIFS(INDEX(工单[楼栋],1):工单[[#This Row],[楼栋]],工单[[#This Row],[楼栋]],INDEX(工单[房号/位置],1):工单[[#This Row],[房号/位置]],工单[[#This Row],[房号/位置]])) -> 1 | R67: 非常满意
A68: =IF(OR(工单[[#This Row],[报修日期]]="",工单[[#This Row],[楼栋]]="",工单[[#This Row],[房号/位置]]=""),"待补",IF(工单[[#This Row],[楼栋]]="公共区域","公",IF(工单[[#This Row],[楼栋]]="商铺","S",SUBSTITUTE(工单[[#This Row],[楼栋]],"栋","")))&"-"&工单[[#This Row],[房号/位置]]&"-"&TEXT(MONTH(工单[[#This Row],[报修日期]]),"00")&TEXT(DAY(工单[[#This Row],[报修日期]]),"00")&IF(N(工单[[#This Row],[该户第几次]])>1,"-"&TEXT(工单[[#This Row],[该户第几次]],"00"),"")) -> 6-1904-0503 | B68: 45780 | C68: 入户 | D68: 6栋 | E68: 1904 | F68: 卫生间门关不上 | G68: 门窗五金 | H68: 李师傅 | J68: 5月3日 | L68: 已完成 | N68: =IF(工单[[#This Row],[报修日期]]="","",IF(工单[[#This Row],[完成情况]]="已完成",IF(工单[[#This Row],[完成日期]]="","",工单[[#This Row],[完成日期]]-工单[[#This Row],[报修日期]]),IF(基准日<工单[[#This Row],[报修日期]],"",基准日-工单[[#This Row],[报修日期]]))) | O68: =IF(OR(工单[[#This Row],[楼栋]]="",工单[[#This Row],[房号/位置]]=""),"",COUNTIFS(INDEX(工单[楼栋],1):工单[[#This Row],[楼栋]],工单[[#This Row],[楼栋]],INDEX(工单[房号/位置],1):工单[[#This Row],[房号/位置]],工单[[#This Row],[房号/位置]])) -> 1 | R68: 非常满意 | S68: 业主致电表扬师傅
A69: =IF(OR(工单[[#This Row],[报修日期]]="",工单[[#This Row],[楼栋]]="",工单[[#This Row],[房号/位置]]=""),"待补",IF(工单[[#This Row],[楼栋]]="公共区域","公",IF(工单[[#This Row],[楼栋]]="商铺","S",SUBSTITUTE(工单[[#This Row],[楼栋]],"栋","")))&"-"&工单[[#This Row],[房号/位置]]&"-"&TEXT(MONTH(工单[[#This Row],[报修日期]]),"00")&TEXT(DAY(工单[[#This Row],[报修日期]]),"00")&IF(N(工单[[#This Row],[该户第几次]])>1,"-"&TEXT(工单[[#This Row],[该户第几次]],"00"),"")) -> 1-1301-0503 | B69: 45780 | C69: 入户 | D69: 1栋 | E69: 1301 | F69: 卫生间排气扇有响声不转 | G69: 电气照明 | H69: 张师傅 | J69: 5月3日 上午 | L69: 已完成 | N69: =IF(工单[[#This Row],[报修日期]]="","",IF(工单[[#This Row],[完成情况]]="已完成",IF(工单[[#This Row],[完成日期]]="","",工单[[#This Row],[完成日期]]-工单[[#This Row],[报修日期]]),IF(基准日<工单[[#This Row],[报修日期]],"",基准日-工单[[#This Row],[报修日期]]))) | O69: =IF(OR(工单[[#This Row],[楼栋]]="",工单[[#This Row],[房号/位置]]=""),"",COUNTIFS(INDEX(工单[楼栋],1):工单[[#This Row],[楼栋]],工单[[#This Row],[楼栋]],INDEX(工单[房号/位置],1):工单[[#This Row],[房号/位置]],工单[[#This Row],[房号/位置]])) -> 1 | R69: 非常满意
A70: =IF(OR(工单[[#This Row],[报修日期]]="",工单[[#This Row],[楼栋]]="",工单[[#This Row],[房号/位置]]=""),"待补",IF(工单[[#This Row],[楼栋]]="公共区域","公",IF(工单[[#This Row],[楼栋]]="商铺","S",SUBSTITUTE(工单[[#This Row],[楼栋]],"栋","")))&"-"&工单[[#This Row],[房号/位置]]&"-"&TEXT(MONTH(工单[[#This Row],[报修日期]]),"00")&TEXT(DAY(工单[[#This Row],[报修日期]]),"00")&IF(N(工单[[#This Row],[该户第几次]])>1,"-"&TEXT(工单[[#This Row],[该户第几次]],"00"),"")) -> 6-2402-0503 | B70: 45780 | C70: 入户 | D70: 6栋 | E70: 2402 | F70: 门把手松动 | G70: 门窗五金 | H70: 张师傅 | J70: 5月3日 上午 | L70: 已完成 | N70: =IF(工单[[#This Row],[报修日期]]="","",IF(工单[[#This Row],[完成情况]]="已完成",IF(工单[[#This Row],[完成日期]]="","",工单[[#This Row],[完成日期]]-工单[[#This Row],[报修日期]]),IF(基准日<工单[[#This Row],[报修日期]],"",基准日-工单[[#This Row],[报修日期]]))) | O70: =IF(OR(工单[[#This Row],[楼栋]]="",工单[[#This Row],[房号/位置]]=""),"",COUNTIFS(INDEX(工单[楼栋],1):工单[[#This Row],[楼栋]],工单[[#This Row],[楼栋]],INDEX(工单[房号/位置],1):工单[[#This Row],[房号/位置]],工单[[#This Row],[房号/位置]])) -> 1 | R70: 非常满意
A71: =IF(OR(工单[[#This Row],[报修日期]]="",工单[[#This Row],[楼栋]]="",工单[[#This Row],[房号/位置]]=""),"待补",IF(工单[[#This Row],[楼栋]]="公共区域","公",IF(工单[[#This Row],[楼栋]]="商铺","S",SUBSTITUTE(工单[[#This Row],[楼栋]],"栋","")))&"-"&工单[[#This Row],[房号/位置]]&"-"&TEXT(MONTH(工单[[#This Row],[报修日期]]),"00")&TEXT(DAY(工单[[#This Row],[报修日期]]),"00")&IF(N(工单[[#This Row],[该户第几次]])>1,"-"&TEXT(工单[[#This Row],[该户第几次]],"00"),"")) -> 9-2203-0503 | B71: 45780 | C71: 入户 | D71: 9栋 | E71: 2203 | F71: 下雨后阳台地漏积水 | G71: 给排水 | H71: 李师傅 | J71: 5月3日 11:00 | L71: 已完成 | N71: =IF(工单[[#This Row],[报修日期]]="","",IF(工单[[#This Row],[完成情况]]="已完成",IF(工单[[#This Row],[完成日期]]="","",工单[[#This Row],[完成日期]]-工单[[#This Row],[报修日期]]),IF(基准日<工单[[#This Row],[报修日期]],"",基准日-工单[[#This Row],[报修日期]]))) | O71: =IF(OR(工单[[#This Row],[楼栋]]="",工单[[#This Row],[房号/位置]]=""),"",COUNTIFS(INDEX(工单[楼栋],1):工单[[#This Row],[楼栋]],工单[[#This Row],[楼栋]],INDEX(工单[房号/位置],1):工单[[#This Row],[房号/位置]],工单[[#This Row],[房号/位置]])) -> 1 | P71: 已疏通并清理落叶杂物 | R71: 非常满意
A72: =IF(OR(工单[[#This Row],[报修日期]]="",工单[[#This Row],[楼栋]]="",工单[[#This Row],[房号/位置]]=""),"待补",IF(工单[[#This Row],[楼栋]]="公共区域","公",IF(工单[[#This Row],[楼栋]]="商铺","S",SUBSTITUTE(工单[[#This Row],[楼栋]],"栋","")))&"-"&工单[[#This Row],[房号/位置]]&"-"&TEXT(MONTH(工单[[#This Row],[报修日期]]),"00")&TEXT(DAY(工单[[#This Row],[报修日期]]),"00")&IF(N(工单[[#This Row],[该户第几次]])>1,"-"&TEXT(工单[[#This Row],[该户第几次]],"00"),"")) -> 4-2903-0503 | B72: 45780 | C72: 入户 | D72: 4栋 | E72: 2903 | F72: 客厅一排插座没电 | G72: 电气照明 | H72: 刘师傅 | J72: 5月3日 下午 | K72: 优先1 | L72: 已完成 | N72: =IF(工单[[#This Row],[报修日期]]="","",IF(工单[[#This Row],[完成情况]]="已完成",IF(工单[[#This Row],[完成日期]]="","",工单[[#This Row],[完成日期]]-工单[[#This Row],[报修日期]]),IF(基准日<工单[[#This Row],[报修日期]],"",基准日-工单[[#This Row],[报修日期]]))) | O72: =IF(OR(工单[[#This Row],[楼栋]]="",工单[[#This Row],[房号/位置]]=""),"",COUNTIFS(INDEX(工单[楼栋],1):工单[[#This Row],[楼栋]],工单[[#This Row],[楼栋]],INDEX(工单[房号/位置],1):工单[[#This Row],[房号/位置]],工单[[#This Row],[房号/位置]])) -> 1 | P72: 漏保跳闸已复位 | R72: 非常满意 | S72: 处理及时，点赞
A73: =IF(OR(工单[[#This Row],[报修日期]]="",工单[[#This Row],[楼栋]]="",工单[[#This Row],[房号/位置]]=""),"待补",IF(工单[[#This Row],[楼栋]]="公共区域","公",IF(工单[[#This Row],[楼栋]]="商铺","S",SUBSTITUTE(工单[[#This Row],[楼栋]],"栋","")))&"-"&工单[[#This Row],[房号/位置]]&"-"&TEXT(MONTH(工单[[#This Row],[报修日期]]),"00")&TEXT(DAY(工单[[#This Row],[报修日期]]),"00")&IF(N(工单[[#This Row],[该户第几次]])>1,"-"&TEXT(工单[[#This Row],[该户第几次]],"00"),"")) -> 10-1501-0503 | B73: 45780 | C73: 入户 | D73: 10栋 | E73: 1501 | F73: 次卧窗户密封条老化，下雨进水 | G73: 门窗五金 | H73: 李师傅 | J73: 5月3日 15:30 | L73: 已完成 | N73: =IF(工单[[#This Row],[报修日期]]="","",IF(工单[[#This Row],[完成情况]]="已完成",IF(工单[[#This Row],[完成日期]]="","",工单[[#This Row],[完成日期]]-工单[[#This Row],[报修日期]]),IF(基准日<工单[[#This Row],[报修日期]],"",基准日-工单[[#This Row],[报修日期]]))) | O73: =IF(OR(工单[[#This Row],[楼栋]]="",工单[[#This Row],[房号/位置]]=""),"",COUNTIFS(INDEX(工单[楼栋],1):工单[[#This Row],[楼栋]],工单[[#This Row],[楼栋]],INDEX(工单[房号/位置],1):工单[[#This Row],[房号/位置]],工单[[#This Row],[房号/位置]])) -> 1 | R73: 满意
A74: =IF(OR(工单[[#This Row],[报修日期]]="",工单[[#This Row],[楼栋]]="",工单[[#This Row],[房号/位置]]=""),"待补",IF(工单[[#This Row],[楼栋]]="公共区域","公",IF(工单[[#This Row],[楼栋]]="商铺","S",SUBSTITUTE(工单[[#This Row],[楼栋]],"栋","")))&"-"&工单[[#This Row],[房号/位置]]&"-"&TEXT(MONTH(工单[[#This Row],[报修日期]]),"00")&TEXT(DAY(工单[[#This Row],[报修日期]]),"00")&IF(N(工单[[#This Row],[该户第几次]])>1,"-"&TEXT(工单[[#This Row],[该户第几次]],"00"),"")) -> 5-204-0503 | B74: 45780 | C74: 入户 | D74: 5栋 | E74: 204 | F74: 厨房水槽下方接口渗水 | G74: 给排水 | H74: 张师傅 | J74: 5月3日 17:00 | K74: 优先2 | L74: 已完成 | N74: =IF(工单[[#This Row],[报修日期]]="","",IF(工单[[#This Row],[完成情况]]="已完成",IF(工单[[#This Row],[完成日期]]="","",工单[[#This Row],[完成日期]]-工单[[#This Row],[报修日期]]),IF(基准日<工单[[#This Row],[报修日期]],"",基准日-工单[[#This Row],[报修日期]]))) | O74: =IF(OR(工单[[#This Row],[楼栋]]="",工单[[#This Row],[房号/位置]]=""),"",COUNTIFS(INDEX(工单[楼栋],1):工单[[#This Row],[楼栋]],工单[[#This Row],[楼栋]],INDEX(工单[房号/位置],1):工单[[#This Row],[房号/位置]],工单[[#This Row],[房号/位置]])) -> 1 | P74: 已重新打胶紧固 | R74: 非常满意
A75: =IF(OR(工单[[#This Row],[报修日期]]="",工单[[#This Row],[楼栋]]="",工单[[#This Row],[房号/位置]]=""),"待补",IF(工单[[#This Row],[楼栋]]="公共区域","公",IF(工单[[#This Row],[楼栋]]="商铺","S",SUBSTITUTE(工单[[#This Row],[楼栋]],"栋","")))&"-"&工单[[#This Row],[房号/位置]]&"-"&TEXT(MONTH(工单[[#This Row],[报修日期]]),"00")&TEXT(DAY(工单[[#This Row],[报修日期]]),"00")&IF(N(工单[[#This Row],[该户第几次]])>1,"-"&TEXT(工单[[#This Row],[该户第几次]],"00"),"")) -> 11-2504-0503 | B75: 45780 | C75: 入户 | D75: 11栋 | E75: 2504 | F75: 主卧空调开机有咔咔声 | G75: 空调暖通 | H75: 陈师傅 | J75: 5月3日 19:00 | L75: 已完成 | N75: =IF(工单[[#This Row],[报修日期]]="","",IF(工单[[#This Row],[完成情况]]="已完成",IF(工单[[#This Row],[完成日期]]="","",工单[[#This Row],[完成日期]]-工单[[#This Row],[报修日期]]),IF(基准日<工单[[#This Row],[报修日期]],"",基准日-工单[[#This Row],[报修日期]]))) | O75: =IF(OR(工单[[#This Row],[楼栋]]="",工单[[#This Row],[房号/位置]]=""),"",COUNTIFS(INDEX(工单[楼栋],1):工单[[#This Row],[楼栋]],工单[[#This Row],[楼栋]],INDEX(工单[房号/位置],1):工单[[#This Row],[房号/位置]],工单[[#This Row],[房号/位置]])) -> 1 | P75: 已紧固内机挂板 | R75: 非常满意
A76: =IF(OR(工单[[#This Row],[报修日期]]="",工单[[#This Row],[楼栋]]="",工单[[#This Row],[房号/位置]]=""),"待补",IF(工单[[#This Row],[楼栋]]="公共区域","公",IF(工单[[#This Row],[楼栋]]="商铺","S",SUBSTITUTE(工单[[#This Row],[楼栋]],"栋","")))&"-"&工单[[#This Row],[房号/位置]]&"-"&TEXT(MONTH(工单[[#This Row],[报修日期]]),"00")&TEXT(DAY(工单[[#This Row],[报修日期]]),"00")&IF(N(工单[[#This Row],[该户第几次]])>1,"-"&TEXT(工单[[#This Row],[该户第几次]],"00"),"")) -> 11-大门-0503 | B76: 45780 | C76: 公区 | D76: 11栋 | E76: 大门 | F76: 单元大门闭门器失灵、刮地 | G76: 门窗五金 | H76: 陈师傅 | I76: 张师傅 | J76: 5月3日 下午 | L76: 已完成 | N76: =IF(工单[[#This Row],[报修日期]]="","",IF(工单[[#This Row],[完成情况]]="已完成",IF(工单[[#This Row],[完成日期]]="","",工单[[#This Row],[完成日期]]-工单[[#This Row],[报修日期]]),IF(基准日<工单[[#This Row],[报修日期]],"",基准日-工单[[#This Row],[报修日期]]))) | O76: =IF(OR(工单[[#This Row],[楼栋]]="",工单[[#This Row],[房号/位置]]=""),"",COUNTIFS(INDEX(工单[楼栋],1):工单[[#This Row],[楼栋]],工单[[#This Row],[楼栋]],INDEX(工单[房号/位置],1):工单[[#This Row],[房号/位置]],工单[[#This Row],[房号/位置]])) -> 1
A77: =IF(OR(工单[[#This Row],[报修日期]]="",工单[[#This Row],[楼栋]]="",工单[[#This Row],[房号/位置]]=""),"待补",IF(工单[[#This Row],[楼栋]]="公共区域","公",IF(工单[[#This Row],[楼栋]]="商铺","S",SUBSTITUTE(工单[[#This Row],[楼栋]],"栋","")))&"-"&工单[[#This Row],[房号/位置]]&"-"&TEXT(MONTH(工单[[#This Row],[报修日期]]),"00")&TEXT(DAY(工单[[#This Row],[报修日期]]),"00")&IF(N(工单[[#This Row],[该户第几次]])>1,"-"&TEXT(工单[[#This Row],[该户第几次]],"00"),"")) -> 7-1304-0503 | B77: 45780 | C77: 入户 | D77: 7栋 | E77: 1304 | F77: 镜柜门脱落，阳台雨后渗水 | G77: 渗漏防水 | H77: 张师傅 | J77: 5月3日 上午 | L77: 已完成 | N77: =IF(工单[[#This Row],[报修日期]]="","",IF(工单[[#This Row],[完成情况]]="已完成",IF(工单[[#This Row],[完成日期]]="","",工单[[#This Row],[完成日期]]-工单[[#This Row],[报修日期]]),IF(基准日<工单[[#This Row],[报修日期]],"",基准日-工单[[#This Row],[报修日期]]))) | O77: =IF(OR(工单[[#This Row],[楼栋]]="",工单[[#This Row],[房号/位置]]=""),"",COUNTIFS(INDEX(工单[楼栋],1):工单[[#This Row],[楼栋]],工单[[#This Row],[楼栋]],INDEX(工单[房号/位置],1):工单[[#This Row],[房号/位置]],工单[[#This Row],[房号/位置]])) -> 1 | P77: 阳台渗水点已打胶，待胶干后补漆；镜柜铰链待配件到货后安装 | R77: 非常满意
A78: =IF(OR(工单[[#This Row],[报修日期]]="",工单[[#This Row],[楼栋]]="",工单[[#This Row],[房号/位置]]=""),"待补",IF(工单[[#This Row],[楼栋]]="公共区域","公",IF(工单[[#This Row],[楼栋]]="商铺","S",SUBSTITUTE(工单[[#This Row],[楼栋]],"栋","")))&"-"&工单[[#This Row],[房号/位置]]&"-"&TEXT(MONTH(工单[[#This Row],[报修日期]]),"00")&TEXT(DAY(工单[[#This Row],[报修日期]]),"00")&IF(N(工单[[#This Row],[该户第几次]])>1,"-"&TEXT(工单[[#This Row],[该户第几次]],"00"),"")) -> 7-3002-0503 | B78: 45780 | C78: 入户 | D78: 7栋 | E78: 3002 | F78: 需要加装插座并固定门把手 | G78: 电气照明 | H78: 张师傅 | J78: 5月3日 上午 | L78: 跟进中 | N78: =IF(工单[[#This Row],[报修日期]]="","",IF(工单[[#This Row],[完成情况]]="已完成",IF(工单[[#This Row],[完成日期]]="","",工单[[#This Row],[完成日期]]-工单[[#This Row],[报修日期]]),IF(基准日<工单[[#This Row],[报修日期]],"",基准日-工单[[#This Row],[报修日期]]))) -> 4 | O78: =IF(OR(工单[[#This Row],[楼栋]]="",工单[[#This Row],[房号/位置]]=""),"",COUNTIFS(INDEX(工单[楼栋],1):工单[[#This Row],[楼栋]],工单[[#This Row],[楼栋]],INDEX(工单[房号/位置],1):工单[[#This Row],[房号/位置]],工单[[#This Row],[房号/位置]])) -> 1 | P78: 门把手已固定，插座待业主买好面板后再约时间 | R78: 非常满意
A79: =IF(OR(工单[[#This Row],[报修日期]]="",工单[[#This Row],[楼栋]]="",工单[[#This Row],[房号/位置]]=""),"待补",IF(工单[[#This Row],[楼栋]]="公共区域","公",IF(工单[[#This Row],[楼栋]]="商铺","S",SUBSTITUTE(工单[[#This Row],[楼栋]],"栋","")))&"-"&工单[[#This Row],[房号/位置]]&"-"&TEXT(MONTH(工单[[#This Row],[报修日期]]),"00")&TEXT(DAY(工单[[#This Row],[报修日期]]),"00")&IF(N(工单[[#This Row],[该户第几次]])>1,"-"&TEXT(工单[[#This Row],[该户第几次]],"00"),"")) -> 4-1104-0503 | B79: 45780 | C79: 入户 | D79: 4栋 | E79: 1104 | F79: 橱柜层板托脱落 | G79: 门窗五金 | H79: 李师傅 | J79: 5月3日 上午 | K79: 优先2 | L79: 已完成 | N79: =IF(工单[[#This Row],[报修日期]]="","",IF(工单[[#This Row],[完成情况]]="已完成",IF(工单[[#This Row],[完成日期]]="","",工单[[#This Row],[完成日期]]-工单[[#This Row],[报修日期]]),IF(基准日<工单[[#This Row],[报修日期]],"",基准日-工单[[#This Row],[报修日期]]))) | O79: =IF(OR(工单[[#This Row],[楼栋]]="",工单[[#This Row],[房号/位置]]=""),"",COUNTIFS(INDEX(工单[楼栋],1):工单[[#This Row],[楼栋]],工单[[#This Row],[楼栋]],INDEX(工单[房号/位置],1):工单[[#This Row],[房号/位置]],工单[[#This Row],[房号/位置]])) -> 1 | R79: 非常满意
A80: =IF(OR(工单[[#This Row],[报修日期]]="",工单[[#This Row],[楼栋]]="",工单[[#This Row],[房号/位置]]=""),"待补",IF(工单[[#This Row],[楼栋]]="公共区域","公",IF(工单[[#This Row],[楼栋]]="商铺","S",SUBSTITUTE(工单[[#This Row],[楼栋]],"栋","")))&"-"&工单[[#This Row],[房号/位置]]&"-"&TEXT(MONTH(工单[[#This Row],[报修日期]]),"00")&TEXT(DAY(工单[[#This Row],[报修日期]]),"00")&IF(N(工单[[#This Row],[该户第几次]])>1,"-"&TEXT(工单[[#This Row],[该户第几次]],"00"),"")) -> 6-504-0503 | B80: 45780 | C80: 入户 | D80: 6栋 | E80: 504 | F80: 次卧门把手松动 | G80: 门窗五金 | H80: 刘师傅 | J80: 5月3日 上午 | L80: 已完成 | N80: =IF(工单[[#This Row],[报修日期]]="","",IF(工单[[#This Row],[完成情况]]="已完成",IF(工单[[#This Row],[完成日期]]="","",工单[[#This Row],[完成日期]]-工单[[#This Row],[报修日期]]),IF(基准日<工单[[#This Row],[报修日期]],"",基准日-工单[[#This Row],[报修日期]]))) | O80: =IF(OR(工单[[#This Row],[楼栋]]="",工单[[#This Row],[房号/位置]]=""),"",COUNTIFS(INDEX(工单[楼栋],1):工单[[#This Row],[楼栋]],工单[[#This Row],[楼栋]],INDEX(工单[房号/位置],1):工单[[#This Row],[房号/位置]],工单[[#This Row],[房号/位置]])) -> 1 | R80: 非常满意 | S80: 很棒，谢谢师傅
A81: =IF(OR(工单[[#This Row],[报修日期]]="",工单[[#This Row],[楼栋]]="",工单[[#This Row],[房号/位置]]=""),"待补",IF(工单[[#This Row],[楼栋]]="公共区域","公",IF(工单[[#This Row],[楼栋]]="商铺","S",SUBSTITUTE(工单[[#This Row],[楼栋]],"栋","")))&"-"&工单[[#This Row],[房号/位置]]&"-"&TEXT(MONTH(工单[[#This Row],[报修日期]]),"00")&TEXT(DAY(工单[[#This Row],[报修日期]]),"00")&IF(N(工单[[#This Row],[该户第几次]])>1,"-"&TEXT(工单[[#This Row],[该户第几次]],"00"),"")) -> 7-2304-0503 | B81: 45780 | C81: 入户 | D81: 7栋 | E81: 2304 | F81: 浴室柜玻璃门关不上 | G81: 门窗五金 | H81: 李师傅 | J81: 5月3日 上午 | K81: 优先1 | L81: 已完成 | N81: =IF(工单[[#This Row],[报修日期]]="","",IF(工单[[#This Row],[完成情况]]="已完成",IF(工单[[#This Row],[完成日期]]="","",工单[[#This Row],[完成日期]]-工单[[#This Row],[报修日期]]),IF(基准日<工单[[#This Row],[报修日期]],"",基准日-工单[[#This Row],[报修日期]]))) | O81: =IF(OR(工单[[#This Row],[楼栋]]="",工单[[#This Row],[房号/位置]]=""),"",COUNTIFS(INDEX(工单[楼栋],1):工单[[#This Row],[楼栋]],工单[[#This Row],[楼栋]],INDEX(工单[房号/位置],1):工单[[#This Row],[房号/位置]],工单[[#This Row],[房号/位置]])) -> 1 | R81: 非常满意
A82: =IF(OR(工单[[#This Row],[报修日期]]="",工单[[#This Row],[楼栋]]="",工单[[#This Row],[房号/位置]]=""),"待补",IF(工单[[#This Row],[楼栋]]="公共区域","公",IF(工单[[#This Row],[楼栋]]="商铺","S",SUBSTITUTE(工单[[#This Row],[楼栋]],"栋","")))&"-"&工单[[#This Row],[房号/位置]]&"-"&TEXT(MONTH(工单[[#This Row],[报修日期]]),"00")&TEXT(DAY(工单[[#This Row],[报修日期]]),"00")&IF(N(工单[[#This Row],[该户第几次]])>1,"-"&TEXT(工单[[#This Row],[该户第几次]],"00"),"")) -> 6-1102-0503 | B82: 45780 | C82: 入户 | D82: 6栋 | E82: 1102 | F82: 厨房门口门槛石松了，踩上去会动 | G82: 墙地饰面 | H82: 王师傅 | J82: 5月3日 上午 | L82: 已完成 | N82: =IF(工单[[#This Row],[报修日期]]="","",IF(工单[[#This Row],[完成情况]]="已完成",IF(工单[[#This Row],[完成日期]]="","",工单[[#This Row],[完成日期]]-工单[[#This Row],[报修日期]]),IF(基准日<工单[[#This Row],[报修日期]],"",基准日-工单[[#This Row],[报修日期]]))) | O82: =IF(OR(工单[[#This Row],[楼栋]]="",工单[[#This Row],[房号/位置]]=""),"",COUNTIFS(INDEX(工单[楼栋],1):工单[[#This Row],[楼栋]],工单[[#This Row],[楼栋]],INDEX(工单[房号/位置],1):工单[[#This Row],[房号/位置]],工单[[#This Row],[房号/位置]])) -> 1 | R82: 非常满意
A83: =IF(OR(工单[[#This Row],[报修日期]]="",工单[[#This Row],[楼栋]]="",工单[[#This Row],[房号/位置]]=""),"待补",IF(工单[[#This Row],[楼栋]]="公共区域","公",IF(工单[[#This Row],[楼栋]]="商铺","S",SUBSTITUTE(工单[[#This Row],[楼栋]],"栋","")))&"-"&工单[[#This Row],[房号/位置]]&"-"&TEXT(MONTH(工单[[#This Row],[报修日期]]),"00")&TEXT(DAY(工单[[#This Row],[报修日期]]),"00")&IF(N(工单[[#This Row],[该户第几次]])>1,"-"&TEXT(工单[[#This Row],[该户第几次]],"00"),"")) -> 6-1503-0503 | B83: 45780 | C83: 入户 | D83: 6栋 | E83: 1503 | F83: 玄关踢脚线脱落 | G83: 墙地饰面 | H83: 张师傅 | J83: 5月3日 上午 | L83: 已完成 | N83: =IF(工单[[#This Row],[报修日期]]="","",IF(工单[[#This Row],[完成情况]]="已完成",IF(工单[[#This Row],[完成日期]]="","",工单[[#This Row],[完成日期]]-工单[[#This Row],[报修日期]]),IF(基准日<工单[[#This Row],[报修日期]],"",基准日-工单[[#This Row],[报修日期]]))) | O83: =IF(OR(工单[[#This Row],[楼栋]]="",工单[[#This Row],[房号/位置]]=""),"",COUNTIFS(INDEX(工单[楼栋],1):工单[[#This Row],[楼栋]],工单[[#This Row],[楼栋]],INDEX(工单[房号/位置],1):工单[[#This Row],[房号/位置]],工单[[#This Row],[房号/位置]])) -> 1 | R83: 非常满意
A84: =IF(OR(工单[[#This Row],[报修日期]]="",工单[[#This Row],[楼栋]]="",工单[[#This Row],[房号/位置]]=""),"待补",IF(工单[[#This Row],[楼栋]]="公共区域","公",IF(工单[[#This Row],[楼栋]]="商铺","S",SUBSTITUTE(工单[[#This Row],[楼栋]],"栋","")))&"-"&工单[[#This Row],[房号/位置]]&"-"&TEXT(MONTH(工单[[#This Row],[报修日期]]),"00")&TEXT(DAY(工单[[#This Row],[报修日期]]),"00")&IF(N(工单[[#This Row],[该户第几次]])>1,"-"&TEXT(工单[[#This Row],[该户第几次]],"00"),"")) -> 9-3301-0503 | B84: 45780 | C84: 入户 | D84: 9栋 | E84: 3301 | F84: 家里总闸频繁跳闸 | G84: 电气照明 | H84: 刘师傅 | J84: 5月3日 上午 | L84: 已完成 | N84: =IF(工单[[#This Row],[报修日期]]="","",IF(工单[[#This Row],[完成情况]]="已完成",IF(工单[[#This Row],[完成日期]]="","",工单[[#This Row],[完成日期]]-工单[[#This Row],[报修日期]]),IF(基准日<工单[[#This Row],[报修日期]],"",基准日-工单[[#This Row],[报修日期]]))) | O84: =IF(OR(工单[[#This Row],[楼栋]]="",工单[[#This Row],[房号/位置]]=""),"",COUNTIFS(INDEX(工单[楼栋],1):工单[[#This Row],[楼栋]],工单[[#This Row],[楼栋]],INDEX(工单[房号/位置],1):工单[[#This Row],[房号/位置]],工单[[#This Row],[房号/位置]])) -> 1 | P84: 已排查线路，持续观察使用情况 | R84: 非常满意
A85: =IF(OR(工单[[#This Row],[报修日期]]="",工单[[#This Row],[楼栋]]="",工单[[#This Row],[房号/位置]]=""),"待补",IF(工单[[#This Row],[楼栋]]="公共区域","公",IF(工单[[#This Row],[楼栋]]="商铺","S",SUBSTITUTE(工单[[#This Row],[楼栋]],"栋","")))&"-"&工单[[#This Row],[房号/位置]]&"-"&TEXT(MONTH(工单[[#This Row],[报修日期]]),"00")&TEXT(DAY(工单[[#This Row],[报修日期]]),"00")&IF(N(工单[[#This Row],[该户第几次]])>1,"-"&TEXT(工单[[#This Row],[该户第几次]],"00"),"")) -> 9-3204-0503 | B85: 45780 | C85: 入户 | D85: 9栋 | E85: 3204 | F85: 卫生间镜柜灯不亮 | G85: 电气照明 | H85: 李师傅 | J85: 5月3日 15:30 | L85: 已完成 | N85: =IF(工单[[#This Row],[报修日期]]="","",IF(工单[[#This Row],[完成情况]]="已完成",IF(工单[[#This Row],[完成日期]]="","",工单[[#This Row],[完成日期]]-工单[[#This Row],[报修日期]]),IF(基准日<工单[[#This Row],[报修日期]],"",基准日-工单[[#This Row],[报修日期]]))) | O85: =IF(OR(工单[[#This Row],[楼栋]]="",工单[[#This Row],[房号/位置]]=""),"",COUNTIFS(INDEX(工单[楼栋],1):工单[[#This Row],[楼栋]],工单[[#This Row],[楼栋]],INDEX(工单[房号/位置],1):工单[[#This Row],[房号/位置]],工单[[#This Row],[房号/位置]])) -> 1 | R85: 非常满意 | S85: 业主在群里点赞表扬
A86: =IF(OR(工单[[#This Row],[报修日期]]="",工单[[#This Row],[楼栋]]="",工单[[#This Row],[房号/位置]]=""),"待补",IF(工单[[#This Row],[楼栋]]="公共区域","公",IF(工单[[#This Row],[楼栋]]="商铺","S",SUBSTITUTE(工单[[#This Row],[楼栋]],"栋","")))&"-"&工单[[#This Row],[房号/位置]]&"-"&TEXT(MONTH(工单[[#This Row],[报修日期]]),"00")&TEXT(DAY(工单[[#This Row],[报修日期]]),"00")&IF(N(工单[[#This Row],[该户第几次]])>1,"-"&TEXT(工单[[#This Row],[该户第几次]],"00"),"")) -> 9-303-0503 | B86: 45780 | C86: 入户 | D86: 9栋 | E86: 303 | F86: 厨房一用电就跳闸 | G86: 电气照明 | H86: 张师傅 | J86: 5月3日 | L86: 已完成 | N86: =IF(工单[[#This Row],[报修日期]]="","",IF(工单[[#This Row],[完成情况]]="已完成",IF(工单[[#This Row],[完成日期]]="","",工单[[#This Row],[完成日期]]-工单[[#This Row],[报修日期]]),IF(基准日<工单[[#This Row],[报修日期]],"",基准日-工单[[#This Row],[报修日期]]))) | O86: =IF(OR(工单[[#This Row],[楼栋]]="",工单[[#This Row],[房号/位置]]=""),"",COUNTIFS(INDEX(工单[楼栋],1):工单[[#This Row],[楼栋]],工单[[#This Row],[楼栋]],INDEX(工单[房号/位置],1):工单[[#This Row],[房号/位置]],工单[[#This Row],[房号/位置]])) -> 1 | R86: 非常满意
A87: =IF(OR(工单[[#This Row],[报修日期]]="",工单[[#This Row],[楼栋]]="",工单[[#This Row],[房号/位置]]=""),"待补",IF(工单[[#This Row],[楼栋]]="公共区域","公",IF(工单[[#This Row],[楼栋]]="商铺","S",SUBSTITUTE(工单[[#This Row],[楼栋]],"栋","")))&"-"&工单[[#This Row],[房号/位置]]&"-"&TEXT(MONTH(工单[[#This Row],[报修日期]]),"00")&TEXT(DAY(工单[[#This Row],[报修日期]]),"00")&IF(N(工单[[#This Row],[该户第几次]])>1,"-"&TEXT(工单[[#This Row],[该户第几次]],"00"),"")) -> S-124-0503 | B87: 45780 | C87: 入户 | D87: 商铺 | E87: 124 | F87: 店面招牌需协助打孔固定 | G87: 其他 | H87: 王师傅 | J87: 5月3日 | L87: 已完成 | N87: =IF(工单[[#This Row],[报修日期]]="","",IF(工单[[#This Row],[完成情况]]="已完成",IF(工单[[#This Row],[完成日期]]="","",工单[[#This Row],[完成日期]]-工单[[#This Row],[报修日期]]),IF(基准日<工单[[#This Row],[报修日期]],"",基准日-工单[[#This Row],[报修日期]]))) | O87: =IF(OR(工单[[#This Row],[楼栋]]="",工单[[#This Row],[房号/位置]]=""),"",COUNTIFS(INDEX(工单[楼栋],1):工单[[#This Row],[楼栋]],工单[[#This Row],[楼栋]],INDEX(工单[房号/位置],1):工单[[#This Row],[房号/位置]],工单[[#This Row],[房号/位置]])) -> 1 | R87: 非常满意
A88: =IF(OR(工单[[#This Row],[报修日期]]="",工单[[#This Row],[楼栋]]="",工单[[#This Row],[房号/位置]]=""),"待补",IF(工单[[#This Row],[楼栋]]="公共区域","公",IF(工单[[#This Row],[楼栋]]="商铺","S",SUBSTITUTE(工单[[#This Row],[楼栋]],"栋","")))&"-"&工单[[#This Row],[房号/位置]]&"-"&TEXT(MONTH(工单[[#This Row],[报修日期]]),"00")&TEXT(DAY(工单[[#This Row],[报修日期]]),"00")&IF(N(工单[[#This Row],[该户第几次]])>1,"-"&TEXT(工单[[#This Row],[该户第几次]],"00"),"")) -> 7-1402-0503 | B88: 45780 | C88: 入户 | D88: 7栋 | E88: 1402 | F88: 阳台推拉门卡住拉不动 | G88: 门窗五金 | H88: 张师傅 | J88: 5月3日 | L88: 已完成 | N88: =IF(工单[[#This Row],[报修日期]]="","",IF(工单[[#This Row],[完成情况]]="已完成",IF(工单[[#This Row],[完成日期]]="","",工单[[#This Row],[完成日期]]-工单[[#This Row],[报修日期]]),IF(基准日<工单[[#This Row],[报修日期]],"",基准日-工单[[#This Row],[报修日期]]))) | O88: =IF(OR(工单[[#This Row],[楼栋]]="",工单[[#This Row],[房号/位置]]=""),"",COUNTIFS(INDEX(工单[楼栋],1):工单[[#This Row],[楼栋]],工单[[#This Row],[楼栋]],INDEX(工单[房号/位置],1):工单[[#This Row],[房号/位置]],工单[[#This Row],[房号/位置]])) -> 1 | R88: 非常满意
A89: =IF(OR(工单[[#This Row],[报修日期]]="",工单[[#This Row],[楼栋]]="",工单[[#This Row],[房号/位置]]=""),"待补",IF(工单[[#This Row],[楼栋]]="公共区域","公",IF(工单[[#This Row],[楼栋]]="商铺","S",SUBSTITUTE(工单[[#This Row],[楼栋]],"栋","")))&"-"&工单[[#This Row],[房号/位置]]&"-"&TEXT(MONTH(工单[[#This Row],[报修日期]]),"00")&TEXT(DAY(工单[[#This Row],[报修日期]]),"00")&IF(N(工单[[#This Row],[该户第几次]])>1,"-"&TEXT(工单[[#This Row],[该户第几次]],"00"),"")) -> 8-3303-0503 | B89: 45780 | C89: 入户 | D89: 8栋 | E89: 3303 | F89: 衣柜门铰链断了 | G89: 门窗五金 | H89: 李师傅 | J89: 5月3日 | L89: 已完成 | N89: =IF(工单[[#This Row],[报修日期]]="","",IF(工单[[#This Row],[完成情况]]="已完成",IF(工单[[#This Row],[完成日期]]="","",工单[[#This Row],[完成日期]]-工单[[#This Row],[报修日期]]),IF(基准日<工单[[#This Row],[报修日期]],"",基准日-工单[[#This Row],[报修日期]]))) | O89: =IF(OR(工单[[#This Row],[楼栋]]="",工单[[#This Row],[房号/位置]]=""),"",COUNTIFS(INDEX(工单[楼栋],1):工单[[#This Row],[楼栋]],工单[[#This Row],[楼栋]],INDEX(工单[房号/位置],1):工单[[#This Row],[房号/位置]],工单[[#This Row],[房号/位置]])) -> 1 | R89: 非常满意
A90: =IF(OR(工单[[#This Row],[报修日期]]="",工单[[#This Row],[楼栋]]="",工单[[#This Row],[房号/位置]]=""),"待补",IF(工单[[#This Row],[楼栋]]="公共区域","公",IF(工单[[#This Row],[楼栋]]="商铺","S",SUBSTITUTE(工单[[#This Row],[楼栋]],"栋","")))&"-"&工单[[#This Row],[房号/位置]]&"-"&TEXT(MONTH(工单[[#This Row],[报修日期]]),"00")&TEXT(DAY(工单[[#This Row],[报修日期]]),"00")&IF(N(工单[[#This Row],[该户第几次]])>1,"-"&TEXT(工单[[#This Row],[该户第几次]],"00"),"")) -> 7-504-0503 | B90: 45780 | C90: 入户 | D90: 7栋 | E90: 504 | F90: 智能门锁需要更换电池 | G90: 门窗五金 | H90: 张师傅 | J90: 5月3日 上午 | L90: 已完成 | N90: =IF(工单[[#This Row],[报修日期]]="","",IF(工单[[#This Row],[完成情况]]="已完成",IF(工单[[#This Row],[完成日期]]="","",工单[[#This Row],[完成日期]]-工单[[#This Row],[报修日期]]),IF(基准日<工单[[#This Row],[报修日期]],"",基准日-工单[[#This Row],[报修日期]]))) | O90: =IF(OR(工单[[#This Row],[楼栋]]="",工单[[#This Row],[房号/位置]]=""),"",COUNTIFS(INDEX(工单[楼栋],1):工单[[#This Row],[楼栋]],工单[[#This Row],[楼栋]],INDEX(工单[房号/位置],1):工单[[#This Row],[房号/位置]],工单[[#This Row],[房号/位置]])) -> 1 | R90: 非常满意
A91: =IF(OR(工单[[#This Row],[报修日期]]="",工单[[#This Row],[楼栋]]="",工单[[#This Row],[房号/位置]]=""),"待补",IF(工单[[#This Row],[楼栋]]="公共区域","公",IF(工单[[#This Row],[楼栋]]="商铺","S",SUBSTITUTE(工单[[#This Row],[楼栋]],"栋","")))&"-"&工单[[#This Row],[房号/位置]]&"-"&TEXT(MONTH(工单[[#This Row],[报修日期]]),"00")&TEXT(DAY(工单[[#This Row],[报修日期]]),"00")&IF(N(工单[[#This Row],[该户第几次]])>1,"-"&TEXT(工单[[#This Row],[该户第几次]],"00"),"")) -> 3-2102-0503 | B91: 45780 | C91: 入户 | D91: 3栋 | E91: 2102 | F91: 镜前灯闪烁后不亮 | G91: 电气照明 | H91: 李师傅 | J91: 5月3日 上午 | L91: 已完成 | N91: =IF(工单[[#This Row],[报修日期]]="","",IF(工单[[#This Row],[完成情况]]="已完成",IF(工单[[#This Row],[完成日期]]="","",工单[[#This Row],[完成日期]]-工单[[#This Row],[报修日期]]),IF(基准日<工单[[#This Row],[报修日期]],"",基准日-工单[[#This Row],[报修日期]]))) | O91: =IF(OR(工单[[#This Row],[楼栋]]="",工单[[#This Row],[房号/位置]]=""),"",COUNTIFS(INDEX(工单[楼栋],1):工单[[#This Row],[楼栋]],工单[[#This Row],[楼栋]],INDEX(工单[房号/位置],1):工单[[#This Row],[房号/位置]],工单[[#This Row],[房号/位置]])) -> 1 | P91: 已更换灯珠 | R91: 非常满意
A92: =IF(OR(工单[[#This Row],[报修日期]]="",工单[[#This Row],[楼栋]]="",工单[[#This Row],[房号/位置]]=""),"待补",IF(工单[[#This Row],[楼栋]]="公共区域","公",IF(工单[[#This Row],[楼栋]]="商铺","S",SUBSTITUTE(工单[[#This Row],[楼栋]],"栋","")))&"-"&工单[[#This Row],[房号/位置]]&"-"&TEXT(MONTH(工单[[#This Row],[报修日期]]),"00")&TEXT(DAY(工单[[#This Row],[报修日期]]),"00")&IF(N(工单[[#This Row],[该户第几次]])>1,"-"&TEXT(工单[[#This Row],[该户第几次]],"00"),"")) -> 8-2203-0503 | B92: 45780 | C92: 入户 | D92: 8栋 | E92: 2203 | F92: 厨房吊柜门歪了关不严 | G92: 门窗五金 | H92: 王师傅 | J92: 5月3日 14:00 | L92: 已完成 | N92: =IF(工单[[#This Row],[报修日期]]="","",IF(工单[[#This Row],[完成情况]]="已完成",IF(工单[[#This Row],[完成日期]]="","",工单[[#This Row],[完成日期]]-工单[[#This Row],[报修日期]]),IF(基准日<工单[[#This Row],[报修日期]],"",基准日-工单[[#This Row],[报修日期]]))) | O92: =IF(OR(工单[[#This Row],[楼栋]]="",工单[[#This Row],[房号/位置]]=""),"",COUNTIFS(INDEX(工单[楼栋],1):工单[[#This Row],[楼栋]],工单[[#This Row],[楼栋]],INDEX(工单[房号/位置],1):工单[[#This Row],[房号/位置]],工单[[#This Row],[房号/位置]])) -> 1 | R92: 非常满意
A93: =IF(OR(工单[[#This Row],[报修日期]]="",工单[[#This Row],[楼栋]]="",工单[[#This Row],[房号/位置]]=""),"待补",IF(工单[[#This Row],[楼栋]]="公共区域","公",IF(工单[[#This Row],[楼栋]]="商铺","S",SUBSTITUTE(工单[[#This Row],[楼栋]],"栋","")))&"-"&工单[[#This Row],[房号/位置]]&"-"&TEXT(MONTH(工单[[#This Row],[报修日期]]),"00")&TEXT(DAY(工单[[#This Row],[报修日期]]),"00")&IF(N(工单[[#This Row],[该户第几次]])>1,"-"&TEXT(工单[[#This Row],[该户第几次]],"00"),"")) -> 2-1202-0503 | B93: 45780 | C93: 入户 | D93: 2栋 | E93: 1202 | F93: 主卫花洒软管接头漏水 | G93: 给排水 | H93: 张师傅 | J93: 5月3日 15:30 | K93: 优先2 | L93: 已完成 | N93: =IF(工单[[#This Row],[报修日期]]="","",IF(工单[[#This Row],[完成情况]]="已完成",IF(工单[[#This Row],[完成日期]]="","",工单[[#This Row],[完成日期]]-工单[[#This Row],[报修日期]]),IF(基准日<工单[[#This Row],[报修日期]],"",基准日-工单[[#This Row],[报修日期]]))) | O93: =IF(OR(工单[[#This Row],[楼栋]]="",工单[[#This Row],[房号/位置]]=""),"",COUNTIFS(INDEX(工单[楼栋],1):工单[[#This Row],[楼栋]],工单[[#This Row],[楼栋]],INDEX(工单[房号/位置],1):工单[[#This Row],[房号/位置]],工单[[#This Row],[房号/位置]])) -> 1 | P93: 已更换软管密封圈 | R93: 非常满意
A94: =IF(OR(工单[[#This Row],[报修日期]]="",工单[[#This Row],[楼栋]]="",工单[[#This Row],[房号/位置]]=""),"待补",IF(工单[[#This Row],[楼栋]]="公共区域","公",IF(工单[[#This Row],[楼栋]]="商铺","S",SUBSTITUTE(工单[[#This Row],[楼栋]],"栋","")))&"-"&工单[[#This Row],[房号/位置]]&"-"&TEXT(MONTH(工单[[#This Row],[报修日期]]),"00")&TEXT(DAY(工单[[#This Row],[报修日期]]),"00")&IF(N(工单[[#This Row],[该户第几次]])>1,"-"&TEXT(工单[[#This Row],[该户第几次]],"00"),"")) -> 10-1003-0503 | B94: 45780 | C94: 入户 | D94: 10栋 | E94: 1003 | F94: 客厅空调久未开启，出风有霉味 | G94: 空调暖通 | H94: 李师傅 | J94: 5月3日 17:00 | L94: 已完成 | N94: =IF(工单[[#This Row],[报修日期]]="","",IF(工单[[#This Row],[完成情况]]="已完成",IF(工单[[#This Row],[完成日期]]="","",工单[[#This Row],[完成日期]]-工单[[#This Row],[报修日期]]),IF(基准日<工单[[#This Row],[报修日期]],"",基准日-工单[[#This Row],[报修日期]]))) | O94: =IF(OR(工单[[#This Row],[楼栋]]="",工单[[#This Row],[房号/位置]]=""),"",COUNTIFS(INDEX(工单[楼栋],1):工单[[#This Row],[楼栋]],工单[[#This Row],[楼栋]],INDEX(工单[房号/位置],1):工单[[#This Row],[房号/位置]],工单[[#This Row],[房号/位置]])) -> 1 | P94: 已清洗滤网并消毒 | R94: 满意
A95: =IF(OR(工单[[#This Row],[报修日期]]="",工单[[#This Row],[楼栋]]="",工单[[#This Row],[房号/位置]]=""),"待补",IF(工单[[#This Row],[楼栋]]="公共区域","公",IF(工单[[#This Row],[楼栋]]="商铺","S",SUBSTITUTE(工单[[#This Row],[楼栋]],"栋","")))&"-"&工单[[#This Row],[房号/位置]]&"-"&TEXT(MONTH(工单[[#This Row],[报修日期]]),"00")&TEXT(DAY(工单[[#This Row],[报修日期]]),"00")&IF(N(工单[[#This Row],[该户第几次]])>1,"-"&TEXT(工单[[#This Row],[该户第几次]],"00"),"")) -> 6-2802-0503 | B95: 45780 | C95: 入户 | D95: 6栋 | E95: 2802 | F95: 连续下雨后阳台墙面渗水 | G95: 渗漏防水 | H95: 陈师傅 | J95: 5月3日 18:30 | K95: 优先1 | L95: 跟进中 | N95: =IF(工单[[#This Row],[报修日期]]="","",IF(工单[[#This Row],[完成情况]]="已完成",IF(工单[[#This Row],[完成日期]]="","",工单[[#This Row],[完成日期]]-工单[[#This Row],[报修日期]]),IF(基准日<工单[[#This Row],[报修日期]],"",基准日-工单[[#This Row],[报修日期]]))) -> 4 | O95: =IF(OR(工单[[#This Row],[楼栋]]="",工单[[#This Row],[房号/位置]]=""),"",COUNTIFS(INDEX(工单[楼栋],1):工单[[#This Row],[楼栋]],工单[[#This Row],[楼栋]],INDEX(工单[房号/位置],1):工单[[#This Row],[房号/位置]],工单[[#This Row],[房号/位置]])) -> 1 | P95: 已拍照留证，待联系防水单位复查
A96: =IF(OR(工单[[#This Row],[报修日期]]="",工单[[#This Row],[楼栋]]="",工单[[#This Row],[房号/位置]]=""),"待补",IF(工单[[#This Row],[楼栋]]="公共区域","公",IF(工单[[#This Row],[楼栋]]="商铺","S",SUBSTITUTE(工单[[#This Row],[楼栋]],"栋","")))&"-"&工单[[#This Row],[房号/位置]]&"-"&TEXT(MONTH(工单[[#This Row],[报修日期]]),"00")&TEXT(DAY(工单[[#This Row],[报修日期]]),"00")&IF(N(工单[[#This Row],[该户第几次]])>1,"-"&TEXT(工单[[#This Row],[该户第几次]],"00"),"")) -> 公-254车位-0503 | B96: 45780 | C96: 公区 | D96: 公共区域 | E96: 254车位 | F96: 车位顶板漏水 | G96: 渗漏防水 | J96: 5月3日 | N96: =IF(工单[[#This Row],[报修日期]]="","",IF(工单[[#This Row],[完成情况]]="已完成",IF(工单[[#This Row],[完成日期]]="","",工单[[#This Row],[完成日期]]-工单[[#This Row],[报修日期]]),IF(基准日<工单[[#This Row],[报修日期]],"",基准日-工单[[#This Row],[报修日期]]))) -> 4 | O96: =IF(OR(工单[[#This Row],[楼栋]]="",工单[[#This Row],[房号/位置]]=""),"",COUNTIFS(INDEX(工单[楼栋],1):工单[[#This Row],[楼栋]],工单[[#This Row],[楼栋]],INDEX(工单[房号/位置],1):工单[[#This Row],[房号/位置]],工单[[#This Row],[房号/位置]])) -> 1
A97: =IF(OR(工单[[#This Row],[报修日期]]="",工单[[#This Row],[楼栋]]="",工单[[#This Row],[房号/位置]]=""),"待补",IF(工单[[#This Row],[楼栋]]="公共区域","公",IF(工单[[#This Row],[楼栋]]="商铺","S",SUBSTITUTE(工单[[#This Row],[楼栋]],"栋","")))&"-"&工单[[#This Row],[房号/位置]]&"-"&TEXT(MONTH(工单[[#This Row],[报修日期]]),"00")&TEXT(DAY(工单[[#This Row],[报修日期]]),"00")&IF(N(工单[[#This Row],[该户第几次]])>1,"-"&TEXT(工单[[#This Row],[该户第几次]],"00"),"")) -> 公-557车位-0503 | B97: 45780 | C97: 公区 | D97: 公共区域 | E97: 557车位 | F97: 充电桩充电时跳闸 | G97: 电气照明 | H97: 刘师傅 | J97: 5月3日 上午 | L97: 已完成 | N97: =IF(工单[[#This Row],[报修日期]]="","",IF(工单[[#This Row],[完成情况]]="已完成",IF(工单[[#This Row],[完成日期]]="","",工单[[#This Row],[完成日期]]-工单[[#This Row],[报修日期]]),IF(基准日<工单[[#This Row],[报修日期]],"",基准日-工单[[#This Row],[报修日期]]))) | O97: =IF(OR(工单[[#This Row],[楼栋]]="",工单[[#This Row],[房号/位置]]=""),"",COUNTIFS(INDEX(工单[楼栋],1):工单[[#This Row],[楼栋]],工单[[#This Row],[楼栋]],INDEX(工单[房号/位置],1):工单[[#This Row],[房号/位置]],工单[[#This Row],[房号/位置]])) -> 1
A98: =IF(OR(工单[[#This Row],[报修日期]]="",工单[[#This Row],[楼栋]]="",工单[[#This Row],[房号/位置]]=""),"待补",IF(工单[[#This Row],[楼栋]]="公共区域","公",IF(工单[[#This Row],[楼栋]]="商铺","S",SUBSTITUTE(工单[[#This Row],[楼栋]],"栋","")))&"-"&工单[[#This Row],[房号/位置]]&"-"&TEXT(MONTH(工单[[#This Row],[报修日期]]),"00")&TEXT(DAY(工单[[#This Row],[报修日期]]),"00")&IF(N(工单[[#This Row],[该户第几次]])>1,"-"&TEXT(工单[[#This Row],[该户第几次]],"00"),"")) -> 5-负一-0503 | B98: 45780 | C98: 公区 | D98: 5栋 | E98: 负一 | F98: 5栋负一防火门关不拢 | G98: 门窗五金 | H98: 张师傅 | J98: 5月3日 上午 | L98: 已完成 | N98: =IF(工单[[#This Row],[报修日期]]="","",IF(工单[[#This Row],[完成情况]]="已完成",IF(工单[[#This Row],[完成日期]]="","",工单[[#This Row],[完成日期]]-工单[[#This Row],[报修日期]]),IF(基准日<工单[[#This Row],[报修日期]],"",基准日-工单[[#This Row],[报修日期]]))) | O98: =IF(OR(工单[[#This Row],[楼栋]]="",工单[[#This Row],[房号/位置]]=""),"",COUNTIFS(INDEX(工单[楼栋],1):工单[[#This Row],[楼栋]],工单[[#This Row],[楼栋]],INDEX(工单[房号/位置],1):工单[[#This Row],[房号/位置]],工单[[#This Row],[房号/位置]])) -> 1
A99: =IF(OR(工单[[#This Row],[报修日期]]="",工单[[#This Row],[楼栋]]="",工单[[#This Row],[房号/位置]]=""),"待补",IF(工单[[#This Row],[楼栋]]="公共区域","公",IF(工单[[#This Row],[楼栋]]="商铺","S",SUBSTITUTE(工单[[#This Row],[楼栋]],"栋","")))&"-"&工单[[#This Row],[房号/位置]]&"-"&TEXT(MONTH(工单[[#This Row],[报修日期]]),"00")&TEXT(DAY(工单[[#This Row],[报修日期]]),"00")&IF(N(工单[[#This Row],[该户第几次]])>1,"-"&TEXT(工单[[#This Row],[该户第几次]],"00"),"")) -> 3-大堂-0503 | B99: 45780 | C99: 公区 | D99: 3栋 | E99: 大堂 | F99: 3栋大堂门禁从里面开不了 | G99: 弱电门禁 | H99: 张师傅 | J99: 5月3日 | L99: 已完成 | N99: =IF(工单[[#This Row],[报修日期]]="","",IF(工单[[#This Row],[完成情况]]="已完成",IF(工单[[#This Row],[完成日期]]="","",工单[[#This Row],[完成日期]]-工单[[#This Row],[报修日期]]),IF(基准日<工单[[#This Row],[报修日期]],"",基准日-工单[[#This Row],[报修日期]]))) | O99: =IF(OR(工单[[#This Row],[楼栋]]="",工单[[#This Row],[房号/位置]]=""),"",COUNTIFS(INDEX(工单[楼栋],1):工单[[#This Row],[楼栋]],工单[[#This Row],[楼栋]],INDEX(工单[房号/位置],1):工单[[#This Row],[房号/位置]],工单[[#This Row],[房号/位置]])) -> 1
A100: =IF(OR(工单[[#This Row],[报修日期]]="",工单[[#This Row],[楼栋]]="",工单[[#This Row],[房号/位置]]=""),"待补",IF(工单[[#This Row],[楼栋]]="公共区域","公",IF(工单[[#This Row],[楼栋]]="商铺","S",SUBSTITUTE(工单[[#This Row],[楼栋]],"栋","")))&"-"&工单[[#This Row],[房号/位置]]&"-"&TEXT(MONTH(工单[[#This Row],[报修日期]]),"00")&TEXT(DAY(工单[[#This Row],[报修日期]]),"00")&IF(N(工单[[#This Row],[该户第几次]])>1,"-"&TEXT(工单[[#This Row],[该户第几次]],"00"),"")) -> 8-1704-0504 | B100: 45781 | C100: 入户 | D100: 8栋 | E100: 1704 | F100: 房间两盏筒灯不亮，空调不制冷 | G100: 电气照明 | H100: 张师傅 | J100: 5月4日 | L100: 跟进中 | N100: =IF(工单[[#This Row],[报修日期]]="","",IF(工单[[#This Row],[完成情况]]="已完成",IF(工单[[#This Row],[完成日期]]="","",工单[[#This Row],[完成日期]]-工单[[#This Row],[报修日期]]),IF(基准日<工单[[#This Row],[报修日期]],"",基准日-工单[[#This Row],[报修日期]]))) -> 3 | O100: =IF(OR(工单[[#This Row],[楼栋]]="",工单[[#This Row],[房号/位置]]=""),"",COUNTIFS(INDEX(工单[楼栋],1):工单[[#This Row],[楼栋]],工单[[#This Row],[楼栋]],INDEX(工单[房号/位置],1):工单[[#This Row],[房号/位置]],工单[[#This Row],[房号/位置]])) -> 1 | P100: 空调不制冷已解决，筒灯待业主买好后更换
A101: =IF(OR(工单[[#This Row],[报修日期]]="",工单[[#This Row],[楼栋]]="",工单[[#This Row],[房号/位置]]=""),"待补",IF(工单[[#This Row],[楼栋]]="公共区域","公",IF(工单[[#This Row],[楼栋]]="商铺","S",SUBSTITUTE(工单[[#This Row],[楼栋]],"栋","")))&"-"&工单[[#This Row],[房号/位置]]&"-"&TEXT(MONTH(工单[[#This Row],[报修日期]]),"00")&TEXT(DAY(工单[[#This Row],[报修日期]]),"00")&IF(N(工单[[#This Row],[该户第几次]])>1,"-"&TEXT(工单[[#This Row],[该户第几次]],"00"),"")) -> 6-402-0504 | B101: 45781 | C101: 入户 | D101: 6栋 | E101: 402 | F101: 卫生间下水道返臭 | G101: 给排水 | H101: 张师傅 | J101: 5月4日 | L101: 已完成 | N101: =IF(工单[[#This Row],[报修日期]]="","",IF(工单[[#This Row],[完成情况]]="已完成",IF(工单[[#This Row],[完成日期]]="","",工单[[#This Row],[完成日期]]-工单[[#This Row],[报修日期]]),IF(基准日<工单[[#This Row],[报修日期]],"",基准日-工单[[#This Row],[报修日期]]))) | O101: =IF(OR(工单[[#This Row],[楼栋]]="",工单[[#This Row],[房号/位置]]=""),"",COUNTIFS(INDEX(工单[楼栋],1):工单[[#This Row],[楼栋]],工单[[#This Row],[楼栋]],INDEX(工单[房号/位置],1):工单[[#This Row],[房号/位置]],工单[[#This Row],[房号/位置]])) -> 1 | R101: 非常满意 | S101: 张师傅很有礼貌也很耐心，检查得很仔细，点赞！
...

Sheet 仪表盘
A1: 数据仪表盘 ｜ 入户＋公区 | I1: 数据来自【工单台账】，打开即刷新
A2: 统计基准日 | B2: =基准日 -> 45784 | D2: 统计周期 | E2: 本月 | F2: =" "&TEXT(期初,"yyyy-mm-dd")&" ~ "&TEXT(期末,"yyyy-mm-dd")&" 米黄格可改；基准日在【设置】里改，留空即今天" -> 2025-05-01 ~ 2025-05-31 米黄格可改；基准日在【设置】里改，留空即今天
A4: 一、现在要处理的事
A5: 未结工单 | C5: 其中超期 | E5: 重复报修户 | G5: 空闲师傅 | I5: 今日休息
A6: =COUNTIFS(工单[完成情况],"<>已完成",工单[报修问题描述],"<>") -> 19 | C6: =SUMPRODUCT((工单[完成情况]<>"已完成")*ISNUMBER(工单[处理天数])*((0&工单[处理天数])*1>=超期阈值)) -> 17 | E6: =COUNTIFS(工单[该户第几次],2) -> 5 | G6: =COUNTIF(工单台账!$H$4:$L$4,"空闲") -> 0 | I6: =COUNTIF(工单台账!$H$4:$L$4,"休息") -> 1
A7: 跟进中 / 需另约 / 没填状态 | C7: ="等待 ≥ "&超期阈值&" 天" -> 等待 ≥ 3 天 | E7: 同一户 / 同一位置 ≥ 2 次 | G7: 上班且手上没有跟进中的单 | I7: 在【工单台账】顶部设置
A9: ="未结工单（按等待天数从长到短，最多列 15 单） 共 "&A6&" 单" -> 未结工单（按等待天数从长到短，最多列 15 单） 共 19 单
A10: 单据编号 | B10: 类型 | C10: 楼栋 | D10: 房号/位置 | E10: 报修问题描述 | H10: 维修类别 | I10: 跟进人 | J10: 报修日期 | K10: 等待天数 | L10: 完成情况 | M10: 最新进展
A11: =IF($P11=0,"",INDEX(工单[单据编号],$P11-ROW(工单[#Headers]))&"") -> 7-凉亭-0501 | B11: =IF($P11=0,"",INDEX(工单[类型],$P11-ROW(工单[#Headers]))&"") -> 公区 | C11: =IF($P11=0,"",INDEX(工单[楼栋],$P11-ROW(工单[#Headers]))&"") -> 7栋 | D11: =IF($P11=0,"",INDEX(工单[房号/位置],$P11-ROW(工单[#Headers]))&"") -> 凉亭 | E11: =IF($P11=0,"",INDEX(工单[报修问题描述],$P11-ROW(工单[#Headers]))&"") -> 凉亭顶部雨后积水不退 | H11: =IF($P11=0,"",INDEX(工单[维修类别],$P11-ROW(工单[#Headers]))&"") -> 给排水 | I11: =IF($P11=0,"",INDEX(工单[跟进人1],$P11-ROW(工单[#Headers]))&IF(INDEX(工单[跟进人2],$P11-ROW(工单[#Headers]))="","","、"&INDEX(工单[跟进人2],$P11-ROW(工单[#Headers])))) -> 陈师傅、王师傅 | J11: =IF($P11=0,"",INDEX(工单[报修日期],$P11-ROW(工单[#Headers]))) -> 45778 | K11: =IF($P11=0,"",INDEX(工单[处理天数],$P11-ROW(工单[#Headers]))) -> 6 | L11: =IF($P11=0,"",IF(INDEX(工单[完成情况],$P11-ROW(工单[#Headers]))="","没填状态",INDEX(工单[完成情况],$P11-ROW(工单[#Headers])))) -> 跟进中 | M11: =IF($P11=0,"",INDEX(工单[维修备注],$P11-ROW(工单[#Headers]))&"") -> 雨水管被落叶堵死，预计重新改管道 | P11: =IFERROR(MOD(SUMPRODUCT(LARGE((工单[完成情况]<>"已完成")*ISNUMBER(工单[处理天数])*((0&工单[处理天数])*100000+ROW(工单[处理天数])),1)),100000),0) -> 41
A12: =IF($P12=0,"",INDEX(工单[单据编号],$P12-ROW(工单[#Headers]))&"") -> 公-东大门-0501-02 | B12: =IF($P12=0,"",INDEX(工单[类型],$P12-ROW(工单[#Headers]))&"") -> 公区 | C12: =IF($P12=0,"",INDEX(工单[楼栋],$P12-ROW(工单[#Headers]))&"") -> 公共区域 | D12: =IF($P12=0,"",INDEX(工单[房号/位置],$P12-ROW(工单[#Headers]))&"") -> 东大门 | E12: =IF($P12=0,"",INDEX(工单[报修问题描述],$P12-ROW(工单[#Headers]))&"") -> 门岗天花受潮破损修缮 | H12: =IF($P12=0,"",INDEX(工单[维修类别],$P12-ROW(工单[#Headers]))&"") -> 墙地饰面 | I12: =IF($P12=0,"",INDEX(工单[跟进人1],$P12-ROW(工单[#Headers]))&IF(INDEX(工单[跟进人2],$P12-ROW(工单[#Headers]))="","","、"&INDEX(工单[跟进人2],$P12-ROW(工单[#Headers])))) -> 刘师傅 | J12: =IF($P12=0,"",INDEX(工单[报修日期],$P12-ROW(工单[#Headers]))) -> 45778 | K12: =IF($P12=0,"",INDEX(工单[处理天数],$P12-ROW(工单[#Headers]))) -> 6 | L12: =IF($P12=0,"",IF(INDEX(工单[完成情况],$P12-ROW(工单[#Headers]))="","没填状态",INDEX(工单[完成情况],$P12-ROW(工单[#Headers])))) -> 跟进中 | M12: =IF($P12=0,"",INDEX(工单[维修备注],$P12-ROW(工单[#Headers]))&"") -> 已补洞批腻子，待干燥后打磨刷乳胶漆 | P12: =IFERROR(MOD(SUMPRODUCT(LARGE((工单[完成情况]<>"已完成")*ISNUMBER(工单[处理天数])*((0&工单[处理天数])*100000+ROW(工单[处理天数])),2)),100000),0) -> 39
A13: =IF($P13=0,"",INDEX(工单[单据编号],$P13-ROW(工单[#Headers]))&"") -> 9-肉菜市场-0501 | B13: =IF($P13=0,"",INDEX(工单[类型],$P13-ROW(工单[#Headers]))&"") -> 公区 | C13: =IF($P13=0,"",INDEX(工单[楼栋],$P13-ROW(工单[#Headers]))&"") -> 9栋 | D13: =IF($P13=0,"",INDEX(工单[房号/位置],$P13-ROW(工单[#Headers]))&"") -> 肉菜市场 | E13: =IF($P13=0,"",INDEX(工单[报修问题描述],$P13-ROW(工单[#Headers]))&"") -> 市场内墙雨后渗水 | H13: =IF($P13=0,"",INDEX(工单[维修类别],$P13-ROW(工单[#Headers]))&"") -> 渗漏防水 | I13: =IF($P13=0,"",INDEX(工单[跟进人1],$P13-ROW(工单[#Headers]))&IF(INDEX(工单[跟进人2],$P13-ROW(工单[#Headers]))="","","、"&INDEX(工单[跟进人2],$P13-ROW(工单[#Headers])))) -> 刘师傅 | J13: =IF($P13=0,"",INDEX(工单[报修日期],$P13-ROW(工单[#Headers]))) -> 45778 | K13: =IF($P13=0,"",INDEX(工单[处理天数],$P13-ROW(工单[#Headers]))) -> 6 | L13: =IF($P13=0,"",IF(INDEX(工单[完成情况],$P13-ROW(工单[#Headers]))="","没填状态",INDEX(工单[完成情况],$P13-ROW(工单[#Headers])))) -> 跟进中 | M13: =IF($P13=0,"",INDEX(工单[维修备注],$P13-ROW(工单[#Headers]))&"") -> 待跟进 | P13: =IFERROR(MOD(SUMPRODUCT(LARGE((工单[完成情况]<>"已完成")*ISNUMBER(工单[处理天数])*((0&工单[处理天数])*100000+ROW(工单[处理天数])),3)),100000),0) -> 35
A14: =IF($P14=0,"",INDEX(工单[单据编号],$P14-ROW(工单[#Headers]))&"") -> 8-1602-0501 | B14: =IF($P14=0,"",INDEX(工单[类型],$P14-ROW(工单[#Headers]))&"") -> 入户 | C14: =IF($P14=0,"",INDEX(工单[楼栋],$P14-ROW(工单[#Headers]))&"") -> 8栋 | D14: =IF($P14=0,"",INDEX(工单[房号/位置],$P14-ROW(工单[#Headers]))&"") -> 1602 | E14: =IF($P14=0,"",INDEX(工单[报修问题描述],$P14-ROW(工单[#Headers]))&"") -> 客厅空调管冷凝水滴落 | H14: =IF($P14=0,"",INDEX(工单[维修类别],$P14-ROW(工单[#Headers]))&"") -> 空调暖通 | I14: =IF($P14=0,"",INDEX(工单[跟进人1],$P14-ROW(工单[#Headers]))&IF(INDEX(工单[跟进人2],$P14-ROW(工单[#Headers]))="","","、"&INDEX(工单[跟进人2],$P14-ROW(工单[#Headers])))) | J14: =IF($P14=0,"",INDEX(工单[报修日期],$P14-ROW(工单[#Headers]))) -> 45778 | K14: =IF($P14=0,"",INDEX(工单[处理天数],$P14-ROW(工单[#Headers]))) -> 6 | L14: =IF($P14=0,"",IF(INDEX(工单[完成情况],$P14-ROW(工单[#Headers]))="","没填状态",INDEX(工单[完成情况],$P14-ROW(工单[#Headers])))) -> 跟进中 | M14: =IF($P14=0,"",INDEX(工单[维修备注],$P14-ROW(工单[#Headers]))&"") -> 需先由第三方单位为楼上住户空调管加装保温棉 | P14: =IFERROR(MOD(SUMPRODUCT(LARGE((工单[完成情况]<>"已完成")*ISNUMBER(工单[处理天数])*((0&工单[处理天数])*100000+ROW(工单[处理天数])),4)),100000),0) -> 14
A15: =IF($P15=0,"",INDEX(工单[单据编号],$P15-ROW(工单[#Headers]))&"") -> 6-701-0501 | B15: =IF($P15=0,"",INDEX(工单[类型],$P15-ROW(工单[#Headers]))&"") -> 入户 | C15: =IF($P15=0,"",INDEX(工单[楼栋],$P15-ROW(工单[#Headers]))&"") -> 6栋 | D15: =IF($P15=0,"",INDEX(工单[房号/位置],$P15-ROW(工单[#Headers]))&"") -> 701 | E15: =IF($P15=0,"",INDEX(工单[报修问题描述],$P15-ROW(工单[#Headers]))&"") -> 次卧墙面受潮鼓包起皮 | H15: =IF($P15=0,"",INDEX(工单[维修类别],$P15-ROW(工单[#Headers]))&"") -> 墙地饰面 | I15: =IF($P15=0,"",INDEX(工单[跟进人1],$P15-ROW(工单[#Headers]))&IF(INDEX(工单[跟进人2],$P15-ROW(工单[#Headers]))="","","、"&INDEX(工单[跟进人2],$P15-ROW(工单[#Headers])))) -> 李师傅 | J15: =IF($P15=0,"",INDEX(工单[报修日期],$P15-ROW(工单[#Headers]))) -> 45778 | K15: =IF($P15=0,"",INDEX(工单[处理天数],$P15-ROW(工单[#Headers]))) -> 6 | L15: =IF($P15=0,"",IF(INDEX(工单[完成情况],$P15-ROW(工单[#Headers]))="","没填状态",INDEX(工单[完成情况],$P15-ROW(工单[#Headers])))) -> 跟进中 | M15: =IF($P15=0,"",INDEX(工单[维修备注],$P15-ROW(工单[#Headers]))&"") -> 已铲除鼓包批第一遍腻子，待干透后约第二次上门 | P15: =IFERROR(MOD(SUMPRODUCT(LARGE((工单[完成情况]<>"已完成")*ISNUMBER(工单[处理天数])*((0&工单[处理天数])*100000+ROW(工单[处理天数])),5)),100000),0) -> 13
A16: =IF($P16=0,"",INDEX(工单[单据编号],$P16-ROW(工单[#Headers]))&"") -> 6-2504-0501 | B16: =IF($P16=0,"",INDEX(工单[类型],$P16-ROW(工单[#Headers]))&"") -> 入户 | C16: =IF($P16=0,"",INDEX(工单[楼栋],$P16-ROW(工单[#Headers]))&"") -> 6栋 | D16: =IF($P16=0,"",INDEX(工单[房号/位置],$P16-ROW(工单[#Headers]))&"") -> 2504 | E16: =IF($P16=0,"",INDEX(工单[报修问题描述],$P16-ROW(工单[#Headers]))&"") -> 空调开机后室内机滴水 | H16: =IF($P16=0,"",INDEX(工单[维修类别],$P16-ROW(工单[#Headers]))&"") -> 空调暖通 | I16: =IF($P16=0,"",INDEX(工单[跟进人1],$P16-ROW(工单[#Headers]))&IF(INDEX(工单[跟进人2],$P16-ROW(工单[#Headers]))="","","、"&INDEX(工单[跟进人2],$P16-ROW(工单[#Headers])))) -> 刘师傅、张师傅 | J16: =IF($P16=0,"",INDEX(工单[报修日期],$P16-ROW(工单[#Headers]))) -> 45778 | K16: =IF($P16=0,"",INDEX(工单[处理天数],$P16-ROW(工单[#Headers]))) -> 6 | L16: =IF($P16=0,"",IF(INDEX(工单[完成情况],$P16-ROW(工单[#Headers]))="","没填状态",INDEX(工单[完成情况],$P16-ROW(工单[#Headers])))) -> 跟进中 | M16: =IF($P16=0,"",INDEX(工单[维修备注],$P16-ROW(工单[#Headers]))&"") -> 需重新包扎保温棉，待料处理 | P16: =IFERROR(MOD(SUMPRODUCT(LARGE((工单[完成情况]<>"已完成")*ISNUMBER(工单[处理天数])*((0&工单[处理天数])*100000+ROW(工单[处理天数])),6)),100000),0) -> 8
A17: =IF($P17=0,"",INDEX(工单[单据编号],$P17-ROW(工单[#Headers]))&"") -> 7-1301-0502 | B17: =IF($P17=0,"",INDEX(工单[类型],$P17-ROW(工单[#Headers]))&"") -> 入户 | C17: =IF($P17=0,"",INDEX(工单[楼栋],$P17-ROW(工单[#Headers]))&"") -> 7栋 | D17: =IF($P17=0,"",INDEX(工单[房号/位置],$P17-ROW(工单[#Headers]))&"") -> 1301 | E17: =IF($P17=0,"",INDEX(工单[报修问题描述],$P17-ROW(工单[#Headers]))&"") -> 卧室墙面出现细小裂纹 | H17: =IF($P17=0,"",INDEX(工单[维修类别],$P17-ROW(工单[#Headers]))&"") -> 墙地饰面 | I17: =IF($P17=0,"",INDEX(工单[跟进人1],$P17-ROW(工单[#Headers]))&IF(INDEX(工单[跟进人2],$P17-ROW(工单[#Headers]))="","","、"&INDEX(工单[跟进人2],$P17-ROW(工单[#Headers])))) -> 李师傅 | J17: =IF($P17=0,"",INDEX(工单[报修日期],$P17-ROW(工单[#Headers]))) -> 45779 | K17: =IF($P17=0,"",INDEX(工单[处理天数],$P17-ROW(工单[#Headers]))) -> 5 | L17: =IF($P17=0,"",IF(INDEX(工单[完成情况],$P17-ROW(工单[#Headers]))="","没填状态",INDEX(工单[完成情况],$P17-ROW(工单[#Headers])))) -> 跟进中 | M17: =IF($P17=0,"",INDEX(工单[维修备注],$P17-ROW(工单[#Headers]))&"") -> 已现场查看，待腻子干透后打磨修补 | P17: =IFERROR(MOD(SUMPRODUCT(LARGE((工单[完成情况]<>"已完成")*ISNUMBER(工单[处理天数])*((0&工单[处理天数])*100000+ROW(工单[处理天数])),7)),100000),0) -> 61
A18: =IF($P18=0,"",INDEX(工单[单据编号],$P18-ROW(工单[#Headers]))&"") -> 5-1501-0502 | B18: =IF($P18=0,"",INDEX(工单[类型],$P18-ROW(工单[#Headers]))&"") -> 入户 | C18: =IF($P18=0,"",INDEX(工单[楼栋],$P18-ROW(工单[#Headers]))&"") -> 5栋 | D18: =IF($P18=0,"",INDEX(工单[房号/位置],$P18-ROW(工单[#Headers]))&"") -> 1501 | E18: =IF($P18=0,"",INDEX(工单[报修问题描述],$P18-ROW(工单[#Headers]))&"") -> 主卧外墙渗水，墙纸发霉 | H18: =IF($P18=0,"",INDEX(工单[维修类别],$P18-ROW(工单[#Headers]))&"") -> 渗漏防水 | I18: =IF($P18=0,"",INDEX(工单[跟进人1],$P18-ROW(工单[#Headers]))&IF(INDEX(工单[跟进人2],$P18-ROW(工单[#Headers]))="","","、"&INDEX(工单[跟进人2],$P18-ROW(工单[#Headers])))) -> 陈师傅 | J18: =IF($P18=0,"",INDEX(工单[报修日期],$P18-ROW(工单[#Headers]))) -> 45779 | K18: =IF($P18=0,"",INDEX(工单[处理天数],$P18-ROW(工单[#Headers]))) -> 5 | L18: =IF($P18=0,"",IF(INDEX(工单[完成情况],$P18-ROW(工单[#Headers]))="","没填状态",INDEX(工单[完成情况],$P18-ROW(工单[#Headers])))) -> 跟进中 | M18: =IF($P18=0,"",INDEX(工单[维修备注],$P18-ROW(工单[#Headers]))&"") -> 已现场拍照留证，待后续协商处理（业主意向使用公共维修资金） | P18: =IFERROR(MOD(SUMPRODUCT(LARGE((工单[完成情况]<>"已完成")*ISNUMBER(工单[处理天数])*((0&工单[处理天数])*100000+ROW(工单[处理天数])),8)),100000),0) -> 51
A19: =IF($P19=0,"",INDEX(工单[单据编号],$P19-ROW(工单[#Headers]))&"") -> 6-3304-0502 | B19: =IF($P19=0,"",INDEX(工单[类型],$P19-ROW(工单[#Headers]))&"") -> 入户 | C19: =IF($P19=0,"",INDEX(工单[楼栋],$P19-ROW(工单[#Headers]))&"") -> 6栋 | D19: =IF($P19=0,"",INDEX(工单[房号/位置],$P19-ROW(工单[#Headers]))&"") -> 3304 | E19: =IF($P19=0,"",INDEX(工单[报修问题描述],$P19-ROW(工单[#Headers]))&"") -> 空调外机噪音大 | H19: =IF($P19=0,"",INDEX(工单[维修类别],$P19-ROW(工单[#Headers]))&"") -> 空调暖通 | I19: =IF($P19=0,"",INDEX(工单[跟进人1],$P19-ROW(工单[#Headers]))&IF(INDEX(工单[跟进人2],$P19-ROW(工单[#Headers]))="","","、"&INDEX(工单[跟进人2],$P19-ROW(工单[#Headers])))) -> 李师傅 | J19: =IF($P19=0,"",INDEX(工单[报修日期],$P19-ROW(工单[#Headers]))) -> 45779 | K19: =IF($P19=0,"",INDEX(工单[处理天数],$P19-ROW(工单[#Headers]))) -> 5 | L19: =IF($P19=0,"",IF(INDEX(工单[完成情况],$P19-ROW(工单[#Headers]))="","没填状态",INDEX(工单[完成情况],$P19-ROW(工单[#Headers])))) -> 跟进中 | M19: =IF($P19=0,"",INDEX(工单[维修备注],$P19-ROW(工单[#Headers]))&"") -> 非物业维修范围，业主已联系空调售后 | P19: =IFERROR(MOD(SUMPRODUCT(LARGE((工单[完成情况]<>"已完成")*ISNUMBER(工单[处理天数])*((0&工单[处理天数])*100000+ROW(工单[处理天数])),9)),100000),0) -> 48
A20: =IF($P20=0,"",INDEX(工单[单据编号],$P20-ROW(工单[#Headers]))&"") -> 5-1602-0502 | B20: =IF($P20=0,"",INDEX(工单[类型],$P20-ROW(工单[#Headers]))&"") -> 入户 | C20: =IF($P20=0,"",INDEX(工单[楼栋],$P20-ROW(工单[#Headers]))&"") -> 5栋 | D20: =IF($P20=0,"",INDEX(工单[房号/位置],$P20-ROW(工单[#Headers]))&"") -> 1602 | E20: =IF($P20=0,"",INDEX(工单[报修问题描述],$P20-ROW(工单[#Headers]))&"") -> 次卧外墙窗边渗水 | H20: =IF($P20=0,"",INDEX(工单[维修类别],$P20-ROW(工单[#Headers]))&"") -> 渗漏防水 | I20: =IF($P20=0,"",INDEX(工单[跟进人1],$P20-ROW(工单[#Headers]))&IF(INDEX(工单[跟进人2],$P20-ROW(工单[#Headers]))="","","、"&INDEX(工单[跟进人2],$P20-ROW(工单[#Headers])))) -> 李师傅 | J20: =IF($P20=0,"",INDEX(工单[报修日期],$P20-ROW(工单[#Headers]))) -> 45779 | K20: =IF($P20=0,"",INDEX(工单[处理天数],$P20-ROW(工单[#Headers]))) -> 5 | L20: =IF($P20=0,"",IF(INDEX(工单[完成情况],$P20-ROW(工单[#Headers]))="","没填状态",INDEX(工单[完成情况],$P20-ROW(工单[#Headers])))) -> 跟进中 | M20: =IF($P20=0,"",INDEX(工单[维修备注],$P20-ROW(工单[#Headers]))&"") -> 已查看，业主要求先处理室内墙面，再排查渗水点并尽快修复 | P20: =IFERROR(MOD(SUMPRODUCT(LARGE((工单[完成情况]<>"已完成")*ISNUMBER(工单[处理天数])*((0&工单[处理天数])*100000+ROW(工单[处理天数])),10)),100000),0) -> 42
A21: =IF($P21=0,"",INDEX(工单[单据编号],$P21-ROW(工单[#Headers]))&"") -> 公-254车位-0503 | B21: =IF($P21=0,"",INDEX(工单[类型],$P21-ROW(工单[#Headers]))&"") -> 公区 | C21: =IF($P21=0,"",INDEX(工单[楼栋],$P21-ROW(工单[#Headers]))&"") -> 公共区域 | D21: =IF($P21=0,"",INDEX(工单[房号/位置],$P21-ROW(工单[#Headers]))&"") -> 254车位 | E21: =IF($P21=0,"",INDEX(工单[报修问题描述],$P21-ROW(工单[#Headers]))&"") -> 车位顶板漏水 | H21: =IF($P21=0,"",INDEX(工单[维修类别],$P21-ROW(工单[#Headers]))&"") -> 渗漏防水 | I21: =IF($P21=0,"",INDEX(工单[跟进人1],$P21-ROW(工单[#Headers]))&IF(INDEX(工单[跟进人2],$P21-ROW(工单[#Headers]))="","","、"&INDEX(工单[跟进人2],$P21-ROW(工单[#Headers])))) | J21: =IF($P21=0,"",INDEX(工单[报修日期],$P21-ROW(工单[#Headers]))) -> 45780 | K21: =IF($P21=0,"",INDEX(工单[处理天数],$P21-ROW(工单[#Headers]))) -> 4 | L21: =IF($P21=0,"",IF(INDEX(工单[完成情况],$P21-ROW(工单[#Headers]))="","没填状态",INDEX(工单[完成情况],$P21-ROW(工单[#Headers])))) -> 没填状态 | M21: =IF($P21=0,"",INDEX(工单[维修备注],$P21-ROW(工单[#Headers]))&"") | P21: =IFERROR(MOD(SUMPRODUCT(LARGE((工单[完成情况]<>"已完成")*ISNUMBER(工单[处理天数])*((0&工单[处理天数])*100000+ROW(工单[处理天数])),11)),100000),0) -> 96
A22: =IF($P22=0,"",INDEX(工单[单据编号],$P22-ROW(工单[#Headers]))&"") -> 6-2802-0503 | B22: =IF($P22=0,"",INDEX(工单[类型],$P22-ROW(工单[#Headers]))&"") -> 入户 | C22: =IF($P22=0,"",INDEX(工单[楼栋],$P22-ROW(工单[#Headers]))&"") -> 6栋 | D22: =IF($P22=0,"",INDEX(工单[房号/位置],$P22-ROW(工单[#Headers]))&"") -> 2802 | E22: =IF($P22=0,"",INDEX(工单[报修问题描述],$P22-ROW(工单[#Headers]))&"") -> 连续下雨后阳台墙面渗水 | H22: =IF($P22=0,"",INDEX(工单[维修类别],$P22-ROW(工单[#Headers]))&"") -> 渗漏防水 | I22: =IF($P22=0,"",INDEX(工单[跟进人1],$P22-ROW(工单[#Headers]))&IF(INDEX(工单[跟进人2],$P22-ROW(工单[#Headers]))="","","、"&INDEX(工单[跟进人2],$P22-ROW(工单[#Headers])))) -> 陈师傅 | J22: =IF($P22=0,"",INDEX(工单[报修日期],$P22-ROW(工单[#Headers]))) -> 45780 | K22: =IF($P22=0,"",INDEX(工单[处理天数],$P22-ROW(工单[#Headers]))) -> 4 | L22: =IF($P22=0,"",IF(INDEX(工单[完成情况],$P22-ROW(工单[#Headers]))="","没填状态",INDEX(工单[完成情况],$P22-ROW(工单[#Headers])))) -> 跟进中 | M22: =IF($P22=0,"",INDEX(工单[维修备注],$P22-ROW(工单[#Headers]))&"") -> 已拍照留证，待联系防水单位复查 | P22: =IFERROR(MOD(SUMPRODUCT(LARGE((工单[完成情况]<>"已完成")*ISNUMBER(工单[处理天数])*((0&工单[处理天数])*100000+ROW(工单[处理天数])),12)),100000),0) -> 95
A23: =IF($P23=0,"",INDEX(工单[单据编号],$P23-ROW(工单[#Headers]))&"") -> 7-3002-0503 | B23: =IF($P23=0,"",INDEX(工单[类型],$P23-ROW(工单[#Headers]))&"") -> 入户 | C23: =IF($P23=0,"",INDEX(工单[楼栋],$P23-ROW(工单[#Headers]))&"") -> 7栋 | D23: =IF($P23=0,"",INDEX(工单[房号/位置],$P23-ROW(工单[#Headers]))&"") -> 3002 | E23: =IF($P23=0,"",INDEX(工单[报修问题描述],$P23-ROW(工单[#Headers]))&"") -> 需要加装插座并固定门把手 | H23: =IF($P23=0,"",INDEX(工单[维修类别],$P23-ROW(工单[#Headers]))&"") -> 电气照明 | I23: =IF($P23=0,"",INDEX(工单[跟进人1],$P23-ROW(工单[#Headers]))&IF(INDEX(工单[跟进人2],$P23-ROW(工单[#Headers]))="","","、"&INDEX(工单[跟进人2],$P23-ROW(工单[#Headers])))) -> 张师傅 | J23: =IF($P23=0,"",INDEX(工单[报修日期],$P23-ROW(工单[#Headers]))) -> 45780 | K23: =IF($P23=0,"",INDEX(工单[处理天数],$P23-ROW(工单[#Headers]))) -> 4 | L23: =IF($P23=0,"",IF(INDEX(工单[完成情况],$P23-ROW(工单[#Headers]))="","没填状态",INDEX(工单[完成情况],$P23-ROW(工单[#Headers])))) -> 跟进中 | M23: =IF($P23=0,"",INDEX(工单[维修备注],$P23-ROW(工单[#Headers]))&"") -> 门把手已固定，插座待业主买好面板后再约时间 | P23: =IFERROR(MOD(SUMPRODUCT(LARGE((工单[完成情况]<>"已完成")*ISNUMBER(工单[处理天数])*((0&工单[处理天数])*100000+ROW(工单[处理天数])),13)),100000),0) -> 78
A24: =IF($P24=0,"",INDEX(工单[单据编号],$P24-ROW(工单[#Headers]))&"") -> 5-货梯-0504 | B24: =IF($P24=0,"",INDEX(工单[类型],$P24-ROW(工单[#Headers]))&"") -> 公区 | C24: =IF($P24=0,"",INDEX(工单[楼栋],$P24-ROW(工单[#Headers]))&"") -> 5栋 | D24: =IF($P24=0,"",INDEX(工单[房号/位置],$P24-ROW(工单[#Headers]))&"") -> 货梯 | E24: =IF($P24=0,"",INDEX(工单[报修问题描述],$P24-ROW(工单[#Headers]))&"") -> 5栋货梯空调不凉 | H24: =IF($P24=0,"",INDEX(工单[维修类别],$P24-ROW(工单[#Headers]))&"") -> 空调暖通 | I24: =IF($P24=0,"",INDEX(工单[跟进人1],$P24-ROW(工单[#Headers]))&IF(INDEX(工单[跟进人2],$P24-ROW(工单[#Headers]))="","","、"&INDEX(工单[跟进人2],$P24-ROW(工单[#Headers])))) | J24: =IF($P24=0,"",INDEX(工单[报修日期],$P24-ROW(工单[#Headers]))) -> 45781 | K24: =IF($P24=0,"",INDEX(工单[处理天数],$P24-ROW(工单[#Headers]))) -> 3 | L24: =IF($P24=0,"",IF(INDEX(工单[完成情况],$P24-ROW(工单[#Headers]))="","没填状态",INDEX(工单[完成情况],$P24-ROW(工单[#Headers])))) -> 没填状态 | M24: =IF($P24=0,"",INDEX(工单[维修备注],$P24-ROW(工单[#Headers]))&"") | P24: =IFERROR(MOD(SUMPRODUCT(LARGE((工单[完成情况]<>"已完成")*ISNUMBER(工单[处理天数])*((0&工单[处理天数])*100000+ROW(工单[处理天数])),14)),100000),0) -> 116
A25: =IF($P25=0,"",INDEX(工单[单据编号],$P25-ROW(工单[#Headers]))&"") -> 11-2904-0504 | B25: =IF($P25=0,"",INDEX(工单[类型],$P25-ROW(工单[#Headers]))&"") -> 入户 | C25: =IF($P25=0,"",INDEX(工单[楼栋],$P25-ROW(工单[#Headers]))&"") -> 11栋 | D25: =IF($P25=0,"",INDEX(工单[房号/位置],$P25-ROW(工单[#Headers]))&"") -> 2904 | E25: =IF($P25=0,"",INDEX(工单[报修问题描述],$P25-ROW(工单[#Headers]))&"") -> 卫生间墙砖空鼓开裂 | H25: =IF($P25=0,"",INDEX(工单[维修类别],$P25-ROW(工单[#Headers]))&"") -> 墙地饰面 | I25: =IF($P25=0,"",INDEX(工单[跟进人1],$P25-ROW(工单[#Headers]))&IF(INDEX(工单[跟进人2],$P25-ROW(工单[#Headers]))="","","、"&INDEX(工单[跟进人2],$P25-ROW(工单[#Headers])))) -> 李师傅 | J25: =IF($P25=0,"",INDEX(工单[报修日期],$P25-ROW(工单[#Headers]))) -> 45781 | K25: =IF($P25=0,"",INDEX(工单[处理天数],$P25-ROW(工单[#Headers]))) -> 3 | L25: =IF($P25=0,"",IF(INDEX(工单[完成情况],$P25-ROW(工单[#Headers]))="","没填状态",INDEX(工单[完成情况],$P25-ROW(工单[#Headers])))) -> 跟进中 | M25: =IF($P25=0,"",INDEX(工单[维修备注],$P25-ROW(工单[#Headers]))&"") -> 待业主确认施工时间后返修 | P25: =IFERROR(MOD(SUMPRODUCT(LARGE((工单[完成情况]<>"已完成")*ISNUMBER(工单[处理天数])*((0&工单[处理天数])*100000+ROW(工单[处理天数])),15)),100000),0) -> 113
A26: =IF(A6>15," 还有 "&(A6-15)&" 单没列出：在台账里筛选「完成情况」查看。"," 没填报修日期的未结单不在这里，台账里会标米黄。") -> 还有 4 单没列出：在台账里筛选「完成情况」查看。
A28: ="重复报修户（按第二次报修时间从近到远，最多列 10 户；≥ 3 次建议主管上门回访） 共 "&E6&" 户" -> 重复报修户（按第二次报修时间从近到远，最多列 10 户；≥ 3 次建议主管上门回访） 共 5 户
A29: 楼栋 | B29: 房号/位置 | C29: 累计次数 | D29: 最近报修 | E29: 最近一次问题 | H29: 维修类别 | I29: 跟进人 | J29: 完成情况 | K29: 维修评价 | L29: 维修备注
A30: =IF($Q30=0,"",INDEX(工单[楼栋],$Q30-ROW(工单[#Headers]))&"") -> 6栋 | B30: =IF($Q30=0,"",INDEX(工单[房号/位置],$Q30-ROW(工单[#Headers]))&"") -> 504 | C30: =IF($Q30=0,"",COUNTIFS(工单[楼栋],A30,工单[房号/位置],B30)) -> 2 | D30: =IF($Q30=0,"",INDEX(工单[报修日期],$Q30-ROW(工单[#Headers]))) -> 45784 | E30: =IF($Q30=0,"",INDEX(工单[报修问题描述],$Q30-ROW(工单[#Headers]))&"") -> 燃气灶点火打不着 | H30: =IF($Q30=0,"",INDEX(工单[维修类别],$Q30-ROW(工单[#Headers]))&"") -> 燃气厨电 | I30: =IF($Q30=0,"",INDEX(工单[跟进人1],$Q30-ROW(工单[#Headers]))&"") -> 张师傅 | J30: =IF($Q30=0,"",INDEX(工单[完成情况],$Q30-ROW(工单[#Headers]))&"") -> 已完成 | K30: =IF($Q30=0,"",INDEX(工单[维修评价],$Q30-ROW(工单[#Headers]))&"") -> 非常满意 | L30: =IF($Q30=0,"",INDEX(工单[维修备注],$Q30-ROW(工单[#Headers]))&"") | P30: =IFERROR(SUMPRODUCT(LARGE((工单[该户第几次]=2)*ROW(工单[该户第几次]),1)),0) -> 139 | Q30: =IF(P30=0,0,SUMPRODUCT(MAX((工单[楼栋]=INDEX(工单[楼栋],P30-ROW(工单[#Headers])))*(工单[房号/位置]=INDEX(工单[房号/位置],P30-ROW(工单[#Headers])))*ROW(工单[楼栋])))) -> 139
A31: =IF($Q31=0,"",INDEX(工单[楼栋],$Q31-ROW(工单[#Headers]))&"") -> 8栋 | B31: =IF($Q31=0,"",INDEX(工单[房号/位置],$Q31-ROW(工单[#Headers]))&"") -> 1501 | C31: =IF($Q31=0,"",COUNTIFS(工单[楼栋],A31,工单[房号/位置],B31)) -> 3 | D31: =IF($Q31=0,"",INDEX(工单[报修日期],$Q31-ROW(工单[#Headers]))) -> 45784 | E31: =IF($Q31=0,"",INDEX(工单[报修问题描述],$Q31-ROW(工单[#Headers]))&"") -> 想挂电视需要打孔 | H31: =IF($Q31=0,"",INDEX(工单[维修类别],$Q31-ROW(工单[#Headers]))&"") -> 其他 | I31: =IF($Q31=0,"",INDEX(工单[跟进人1],$Q31-ROW(工单[#Headers]))&"") -> 张师傅 | J31: =IF($Q31=0,"",INDEX(工单[完成情况],$Q31-ROW(工单[#Headers]))&"") -> 已完成 | K31: =IF($Q31=0,"",INDEX(工单[维修评价],$Q31-ROW(工单[#Headers]))&"") -> 非常满意 | L31: =IF($Q31=0,"",INDEX(工单[维修备注],$Q31-ROW(工单[#Headers]))&"") | P31: =IFERROR(SUMPRODUCT(LARGE((工单[该户第几次]=2)*ROW(工单[该户第几次]),2)),0) -> 132 | Q31: =IF(P31=0,0,SUMPRODUCT(MAX((工单[楼栋]=INDEX(工单[楼栋],P31-ROW(工单[#Headers])))*(工单[房号/位置]=INDEX(工单[房号/位置],P31-ROW(工单[#Headers])))*ROW(工单[楼栋])))) -> 141
A32: =IF($Q32=0,"",INDEX(工单[楼栋],$Q32-ROW(工单[#Headers]))&"") -> 7栋 | B32: =IF($Q32=0,"",INDEX(工单[房号/位置],$Q32-ROW(工单[#Headers]))&"") -> 1304 | C32: =IF($Q32=0,"",COUNTIFS(工单[楼栋],A32,工单[房号/位置],B32)) -> 2 | D32: =IF($Q32=0,"",INDEX(工单[报修日期],$Q32-ROW(工单[#Headers]))) -> 45781 | E32: =IF($Q32=0,"",INDEX(工单[报修问题描述],$Q32-ROW(工单[#Headers]))&"") -> 镜柜铰链到货了，麻烦上门安装 | H32: =IF($Q32=0,"",INDEX(工单[维修类别],$Q32-ROW(工单[#Headers]))&"") -> 门窗五金 | I32: =IF($Q32=0,"",INDEX(工单[跟进人1],$Q32-ROW(工单[#Headers]))&"") -> 张师傅 | J32: =IF($Q32=0,"",INDEX(工单[完成情况],$Q32-ROW(工单[#Headers]))&"") -> 已完成 | K32: =IF($Q32=0,"",INDEX(工单[维修评价],$Q32-ROW(工单[#Headers]))&"") -> 非常满意 | L32: =IF($Q32=0,"",INDEX(工单[维修备注],$Q32-ROW(工单[#Headers]))&"") | P32: =IFERROR(SUMPRODUCT(LARGE((工单[该户第几次]=2)*ROW(工单[该户第几次]),3)),0) -> 105 | Q32: =IF(P32=0,0,SUMPRODUCT(MAX((工单[楼栋]=INDEX(工单[楼栋],P32-ROW(工单[#Headers])))*(工单[房号/位置]=INDEX(工单[房号/位置],P32-ROW(工单[#Headers])))*ROW(工单[楼栋])))) -> 105
A33: =IF($Q33=0,"",INDEX(工单[楼栋],$Q33-ROW(工单[#Headers]))&"") -> 5栋 | B33: =IF($Q33=0,"",INDEX(工单[房号/位置],$Q33-ROW(工单[#Headers]))&"") -> 503 | C33: =IF($Q33=0,"",COUNTIFS(工单[楼栋],A33,工单[房号/位置],B33)) -> 2 | D33: =IF($Q33=0,"",INDEX(工单[报修日期],$Q33-ROW(工单[#Headers]))) -> 45779 | E33: =IF($Q33=0,"",INDEX(工单[报修问题描述],$Q33-ROW(工单[#Headers]))&"") -> 厨房、卫生间门槛石松动 | H33: =IF($Q33=0,"",INDEX(工单[维修类别],$Q33-ROW(工单[#Headers]))&"") -> 墙地饰面 | I33: =IF($Q33=0,"",INDEX(工单[跟进人1],$Q33-ROW(工单[#Headers]))&"") -> 李师傅 | J33: =IF($Q33=0,"",INDEX(工单[完成情况],$Q33-ROW(工单[#Headers]))&"") -> 已完成 | K33: =IF($Q33=0,"",INDEX(工单[维修评价],$Q33-ROW(工单[#Headers]))&"") -> 非常满意 | L33: =IF($Q33=0,"",INDEX(工单[维修备注],$Q33-ROW(工单[#Headers]))&"") | P33: =IFERROR(SUMPRODUCT(LARGE((工单[该户第几次]=2)*ROW(工单[该户第几次]),4)),0) -> 55 | Q33: =IF(P33=0,0,SUMPRODUCT(MAX((工单[楼栋]=INDEX(工单[楼栋],P33-ROW(工单[#Headers])))*(工单[房号/位置]=INDEX(工单[房号/位置],P33-ROW(工单[#Headers])))*ROW(工单[楼栋])))) -> 55
A34: =IF($Q34=0,"",INDEX(工单[楼栋],$Q34-ROW(工单[#Headers]))&"") -> 公共区域 | B34: =IF($Q34=0,"",INDEX(工单[房号/位置],$Q34-ROW(工单[#Headers]))&"") -> 东大门 | C34: =IF($Q34=0,"",COUNTIFS(工单[楼栋],A34,工单[房号/位置],B34)) -> 2 | D34: =IF($Q34=0,"",INDEX(工单[报修日期],$Q34-ROW(工单[#Headers]))) -> 45778 | E34: =IF($Q34=0,"",INDEX(工单[报修问题描述],$Q34-ROW(工单[#Headers]))&"") -> 门岗天花受潮破损修缮 | H34: =IF($Q34=0,"",INDEX(工单[维修类别],$Q34-ROW(工单[#Headers]))&"") -> 墙地饰面 | I34: =IF($Q34=0,"",INDEX(工单[跟进人1],$Q34-ROW(工单[#Headers]))&"") -> 刘师傅 | J34: =IF($Q34=0,"",INDEX(工单[完成情况],$Q34-ROW(工单[#Headers]))&"") -> 跟进中 | K34: =IF($Q34=0,"",INDEX(工单[维修评价],$Q34-ROW(工单[#Headers]))&"") | L34: =IF($Q34=0,"",INDEX(工单[维修备注],$Q34-ROW(工单[#Headers]))&"") -> 已补洞批腻子，待干燥后打磨刷乳胶漆 | P34: =IFERROR(SUMPRODUCT(LARGE((工单[该户第几次]=2)*ROW(工单[该户第几次]),5)),0) -> 39 | Q34: =IF(P34=0,0,SUMPRODUCT(MAX((工单[楼栋]=INDEX(工单[楼栋],P34-ROW(工单[#Headers])))*(工单[房号/位置]=INDEX(工单[房号/位置],P34-ROW(工单[#Headers])))*ROW(工单[楼栋])))) -> 39
A35: =IF($Q35=0,"",INDEX(工单[楼栋],$Q35-ROW(工单[#Headers]))&"") | B35: =IF($Q35=0,"",INDEX(工单[房号/位置],$Q35-ROW(工单[#Headers]))&"") | C35: =IF($Q35=0,"",COUNTIFS(工单[楼栋],A35,工单[房号/位置],B35)) | D35: =IF($Q35=0,"",INDEX(工单[报修日期],$Q35-ROW(工单[#Headers]))) | E35: =IF($Q35=0,"",INDEX(工单[报修问题描述],$Q35-ROW(工单[#Headers]))&"") | H35: =IF($Q35=0,"",INDEX(工单[维修类别],$Q35-ROW(工单[#Headers]))&"") | I35: =IF($Q35=0,"",INDEX(工单[跟进人1],$Q35-ROW(工单[#Headers]))&"") | J35: =IF($Q35=0,"",INDEX(工单[完成情况],$Q35-ROW(工单[#Headers]))&"") | K35: =IF($Q35=0,"",INDEX(工单[维修评价],$Q35-ROW(工单[#Headers]))&"") | L35: =IF($Q35=0,"",INDEX(工单[维修备注],$Q35-ROW(工单[#Headers]))&"") | P35: =IFERROR(SUMPRODUCT(LARGE((工单[该户第几次]=2)*ROW(工单[该户第几次]),6)),0) -> 0 | Q35: =IF(P35=0,0,SUMPRODUCT(MAX((工单[楼栋]=INDEX(工单[楼栋],P35-ROW(工单[#Headers])))*(工单[房号/位置]=INDEX(工单[房号/位置],P35-ROW(工单[#Headers])))*ROW(工单[楼栋])))) -> 0
A36: =IF($Q36=0,"",INDEX(工单[楼栋],$Q36-ROW(工单[#Headers]))&"") | B36: =IF($Q36=0,"",INDEX(工单[房号/位置],$Q36-ROW(工单[#Headers]))&"") | C36: =IF($Q36=0,"",COUNTIFS(工单[楼栋],A36,工单[房号/位置],B36)) | D36: =IF($Q36=0,"",INDEX(工单[报修日期],$Q36-ROW(工单[#Headers]))) | E36: =IF($Q36=0,"",INDEX(工单[报修问题描述],$Q36-ROW(工单[#Headers]))&"") | H36: =IF($Q36=0,"",INDEX(工单[维修类别],$Q36-ROW(工单[#Headers]))&"") | I36: =IF($Q36=0,"",INDEX(工单[跟进人1],$Q36-ROW(工单[#Headers]))&"") | J36: =IF($Q36=0,"",INDEX(工单[完成情况],$Q36-ROW(工单[#Headers]))&"") | K36: =IF($Q36=0,"",INDEX(工单[维修评价],$Q36-ROW(工单[#Headers]))&"") | L36: =IF($Q36=0,"",INDEX(工单[维修备注],$Q36-ROW(工单[#Headers]))&"") | P36: =IFERROR(SUMPRODUCT(LARGE((工单[该户第几次]=2)*ROW(工单[该户第几次]),7)),0) -> 0 | Q36: =IF(P36=0,0,SUMPRODUCT(MAX((工单[楼栋]=INDEX(工单[楼栋],P36-ROW(工单[#Headers])))*(工单[房号/位置]=INDEX(工单[房号/位置],P36-ROW(工单[#Headers])))*ROW(工单[楼栋])))) -> 0
A37: =IF($Q37=0,"",INDEX(工单[楼栋],$Q37-ROW(工单[#Headers]))&"") | B37: =IF($Q37=0,"",INDEX(工单[房号/位置],$Q37-ROW(工单[#Headers]))&"") | C37: =IF($Q37=0,"",COUNTIFS(工单[楼栋],A37,工单[房号/位置],B37)) | D37: =IF($Q37=0,"",INDEX(工单[报修日期],$Q37-ROW(工单[#Headers]))) | E37: =IF($Q37=0,"",INDEX(工单[报修问题描述],$Q37-ROW(工单[#Headers]))&"") | H37: =IF($Q37=0,"",INDEX(工单[维修类别],$Q37-ROW(工单[#Headers]))&"") | I37: =IF($Q37=0,"",INDEX(工单[跟进人1],$Q37-ROW(工单[#Headers]))&"") | J37: =IF($Q37=0,"",INDEX(工单[完成情况],$Q37-ROW(工单[#Headers]))&"") | K37: =IF($Q37=0,"",INDEX(工单[维修评价],$Q37-ROW(工单[#Headers]))&"") | L37: =IF($Q37=0,"",INDEX(工单[维修备注],$Q37-ROW(工单[#Headers]))&"") | P37: =IFERROR(SUMPRODUCT(LARGE((工单[该户第几次]=2)*ROW(工单[该户第几次]),8)),0) -> 0 | Q37: =IF(P37=0,0,SUMPRODUCT(MAX((工单[楼栋]=INDEX(工单[楼栋],P37-ROW(工单[#Headers])))*(工单[房号/位置]=INDEX(工单[房号/位置],P37-ROW(工单[#Headers])))*ROW(工单[楼栋])))) -> 0
A38: =IF($Q38=0,"",INDEX(工单[楼栋],$Q38-ROW(工单[#Headers]))&"") | B38: =IF($Q38=0,"",INDEX(工单[房号/位置],$Q38-ROW(工单[#Headers]))&"") | C38: =IF($Q38=0,"",COUNTIFS(工单[楼栋],A38,工单[房号/位置],B38)) | D38: =IF($Q38=0,"",INDEX(工单[报修日期],$Q38-ROW(工单[#Headers]))) | E38: =IF($Q38=0,"",INDEX(工单[报修问题描述],$Q38-ROW(工单[#Headers]))&"") | H38: =IF($Q38=0,"",INDEX(工单[维修类别],$Q38-ROW(工单[#Headers]))&"") | I38: =IF($Q38=0,"",INDEX(工单[跟进人1],$Q38-ROW(工单[#Headers]))&"") | J38: =IF($Q38=0,"",INDEX(工单[完成情况],$Q38-ROW(工单[#Headers]))&"") | K38: =IF($Q38=0,"",INDEX(工单[维修评价],$Q38-ROW(工单[#Headers]))&"") | L38: =IF($Q38=0,"",INDEX(工单[维修备注],$Q38-ROW(工单[#Headers]))&"") | P38: =IFERROR(SUMPRODUCT(LARGE((工单[该户第几次]=2)*ROW(工单[该户第几次]),9)),0) -> 0 | Q38: =IF(P38=0,0,SUMPRODUCT(MAX((工单[楼栋]=INDEX(工单[楼栋],P38-ROW(工单[#Headers])))*(工单[房号/位置]=INDEX(工单[房号/位置],P38-ROW(工单[#Headers])))*ROW(工单[楼栋])))) -> 0
A39: =IF($Q39=0,"",INDEX(工单[楼栋],$Q39-ROW(工单[#Headers]))&"") | B39: =IF($Q39=0,"",INDEX(工单[房号/位置],$Q39-ROW(工单[#Headers]))&"") | C39: =IF($Q39=0,"",COUNTIFS(工单[楼栋],A39,工单[房号/位置],B39)) | D39: =IF($Q39=0,"",INDEX(工单[报修日期],$Q39-ROW(工单[#Headers]))) | E39: =IF($Q39=0,"",INDEX(工单[报修问题描述],$Q39-ROW(工单[#Headers]))&"") | H39: =IF($Q39=0,"",INDEX(工单[维修类别],$Q39-ROW(工单[#Headers]))&"") | I39: =IF($Q39=0,"",INDEX(工单[跟进人1],$Q39-ROW(工单[#Headers]))&"") | J39: =IF($Q39=0,"",INDEX(工单[完成情况],$Q39-ROW(工单[#Headers]))&"") | K39: =IF($Q39=0,"",INDEX(工单[维修评价],$Q39-ROW(工单[#Headers]))&"") | L39: =IF($Q39=0,"",INDEX(工单[维修备注],$Q39-ROW(工单[#Headers]))&"") | P39: =IFERROR(SUMPRODUCT(LARGE((工单[该户第几次]=2)*ROW(工单[该户第几次]),10)),0) -> 0 | Q39: =IF(P39=0,0,SUMPRODUCT(MAX((工单[楼栋]=INDEX(工单[楼栋],P39-ROW(工单[#Headers])))*(工单[房号/位置]=INDEX(工单[房号/位置],P39-ROW(工单[#Headers])))*ROW(工单[楼栋])))) -> 0
A41: ="二、这一期的表现 （"&$E$2&"）" -> 二、这一期的表现 （本月）
A42: 报修量 | C42: 完成率 | E42: 好评率 | G42: 平均处理天数 | I42: 耗材费用
A43: =COUNTIFS(工单[报修日期],">="&期初,工单[报修日期],"<="&期末) -> 143 | C43: =IFERROR(COUNTIFS(工单[报修日期],">="&期初,工单[报修日期],"<="&期末,工单[完成情况],"已完成")/A43,"-") -> 0.86713287 | E43: =IFERROR((COUNTIFS(工单[报修日期],">="&期初,工单[报修日期],"<="&期末,工单[维修评价],"非常满意")+COUNTIFS(工单[报修日期],">="&期初,工单[报修日期],"<="&期末,工单[维修评价],"满意"))/COUNTIFS(工单[报修日期],">="&期初,工单[报修日期],"<="&期末,工单[维修评价],"<>"),"-") -> 0.99099099 | G43: =IFERROR(SUMIFS(工单[处理天数],工单[报修日期],">="&期初,工单[报修日期],"<="&期末,工单[完成情况],"已完成",工单[完成日期],"<>")/COUNTIFS(工单[报修日期],">="&期初,工单[报修日期],"<="&期末,工单[完成情况],"已完成",工单[完成日期],"<>"),"-") -> - | I43: =SUMIFS(工单[耗材费(元)],工单[报修日期],">="&期初,工单[报修日期],"<="&期末) -> 0
A44: 按报修日期落在本期 | C44: 已完成 ÷ 报修量 | E44: 满意以上 ÷ 已评价 | G44: 只算填了完成日期的单 | I44: 台账「耗材费」合计
A46: 师傅排行（按已完成单数；一张单两位师傅跟进，各算 1 单）
A47: 名次 | B47: 师傅 | C47: 接单 | D47: 已完成 | E47: 未结 | F47: 完成率 | G47: 非常满意 | H47: 满意 | I47: 一般 | J47: 不满意 | K47: 好评率 | L47: 满意度得分 | M47: 当前状态
A48: =IF(INDEX(设置!$F$26:$F$30,MATCH(1,设置!$P$26:$P$30,0))=0,"—","第 1 名") -> 第 1 名 | B48: =INDEX(设置!$E$26:$E$30,MATCH(1,设置!$P$26:$P$30,0)) -> 张师傅 | C48: =INDEX(设置!$F$26:$F$30,MATCH(1,设置!$P$26:$P$30,0)) -> 67 | D48: =INDEX(设置!$G$26:$G$30,MATCH(1,设置!$P$26:$P$30,0)) -> 64 | E48: =INDEX(设置!$H$26:$H$30,MATCH(1,设置!$P$26:$P$30,0)) -> 3 | F48: =IFERROR(D48/C48,"") -> 0.95522388 | G48: =INDEX(设置!$I$26:$I$30,MATCH(1,设置!$P$26:$P$30,0)) -> 52 | H48: =INDEX(设置!$J$26:$J$30,MATCH(1,设置!$P$26:$P$30,0)) -> 2 | I48: =INDEX(设置!$K$26:$K$30,MATCH(1,设置!$P$26:$P$30,0)) -> 1 | J48: =INDEX(设置!$L$26:$L$30,MATCH(1,设置!$P$26:$P$30,0)) -> 0 | K48: =IFERROR((G48+H48)/SUM(G48:J48),"") -> 0.98181818 | L48: =INDEX(设置!$N$26:$N$30,MATCH(1,设置!$P$26:$P$30,0)) -> 98.5 | M48: =IFERROR(INDEX(工单台账!$H$4:$L$4,MATCH(B48,工单台账!$H$2:$L$2,0)),"") -> 休息
A49: =IF(INDEX(设置!$F$26:$F$30,MATCH(2,设置!$P$26:$P$30,0))=0,"—","第 2 名") -> 第 2 名 | B49: =INDEX(设置!$E$26:$E$30,MATCH(2,设置!$P$26:$P$30,0)) -> 李师傅 | C49: =INDEX(设置!$F$26:$F$30,MATCH(2,设置!$P$26:$P$30,0)) -> 40 | D49: =INDEX(设置!$G$26:$G$30,MATCH(2,设置!$P$26:$P$30,0)) -> 33 | E49: =INDEX(设置!$H$26:$H$30,MATCH(2,设置!$P$26:$P$30,0)) -> 7 | F49: =IFERROR(D49/C49,"") -> 0.825 | G49: =INDEX(设置!$I$26:$I$30,MATCH(2,设置!$P$26:$P$30,0)) -> 32 | H49: =INDEX(设置!$J$26:$J$30,MATCH(2,设置!$P$26:$P$30,0)) -> 4 | I49: =INDEX(设置!$K$26:$K$30,MATCH(2,设置!$P$26:$P$30,0)) -> 0 | J49: =INDEX(设置!$L$26:$L$30,MATCH(2,设置!$P$26:$P$30,0)) -> 0 | K49: =IFERROR((G49+H49)/SUM(G49:J49),"") -> 1 | L49: =INDEX(设置!$N$26:$N$30,MATCH(2,设置!$P$26:$P$30,0)) -> 97.8 | M49: =IFERROR(INDEX(工单台账!$H$4:$L$4,MATCH(B49,工单台账!$H$2:$L$2,0)),"") -> 在岗 7 单
A50: =IF(INDEX(设置!$F$26:$F$30,MATCH(3,设置!$P$26:$P$30,0))=0,"—","第 3 名") -> 第 3 名 | B50: =INDEX(设置!$E$26:$E$30,MATCH(3,设置!$P$26:$P$30,0)) -> 陈师傅 | C50: =INDEX(设置!$F$26:$F$30,MATCH(3,设置!$P$26:$P$30,0)) -> 16 | D50: =INDEX(设置!$G$26:$G$30,MATCH(3,设置!$P$26:$P$30,0)) -> 12 | E50: =INDEX(设置!$H$26:$H$30,MATCH(3,设置!$P$26:$P$30,0)) -> 4 | F50: =IFERROR(D50/C50,"") -> 0.75 | G50: =INDEX(设置!$I$26:$I$30,MATCH(3,设置!$P$26:$P$30,0)) -> 4 | H50: =INDEX(设置!$J$26:$J$30,MATCH(3,设置!$P$26:$P$30,0)) -> 1 | I50: =INDEX(设置!$K$26:$K$30,MATCH(3,设置!$P$26:$P$30,0)) -> 0 | J50: =INDEX(设置!$L$26:$L$30,MATCH(3,设置!$P$26:$P$30,0)) -> 0 | K50: =IFERROR((G50+H50)/SUM(G50:J50),"") -> 1 | L50: =INDEX(设置!$N$26:$N$30,MATCH(3,设置!$P$26:$P$30,0)) -> 96 | M50: =IFERROR(INDEX(工单台账!$H$4:$L$4,MATCH(B50,工单台账!$H$2:$L$2,0)),"") -> 在岗 4 单
A51: =IF(INDEX(设置!$F$26:$F$30,MATCH(4,设置!$P$26:$P$30,0))=0,"—","第 4 名") -> 第 4 名 | B51: =INDEX(设置!$E$26:$E$30,MATCH(4,设置!$P$26:$P$30,0)) -> 刘师傅 | C51: =INDEX(设置!$F$26:$F$30,MATCH(4,设置!$P$26:$P$30,0)) -> 13 | D51: =INDEX(设置!$G$26:$G$30,MATCH(4,设置!$P$26:$P$30,0)) -> 10 | E51: =INDEX(设置!$H$26:$H$30,MATCH(4,设置!$P$26:$P$30,0)) -> 3 | F51: =IFERROR(D51/C51,"") -> 0.76923077 | G51: =INDEX(设置!$I$26:$I$30,MATCH(4,设置!$P$26:$P$30,0)) -> 8 | H51: =INDEX(设置!$J$26:$J$30,MATCH(4,设置!$P$26:$P$30,0)) -> 1 | I51: =INDEX(设置!$K$26:$K$30,MATCH(4,设置!$P$26:$P$30,0)) -> 0 | J51: =INDEX(设置!$L$26:$L$30,MATCH(4,设置!$P$26:$P$30,0)) -> 0 | K51: =IFERROR((G51+H51)/SUM(G51:J51),"") -> 1 | L51: =INDEX(设置!$N$26:$N$30,MATCH(4,设置!$P$26:$P$30,0)) -> 97.8 | M51: =IFERROR(INDEX(工单台账!$H$4:$L$4,MATCH(B51,工单台账!$H$2:$L$2,0)),"") -> 在岗 3 单
A52: =IF(INDEX(设置!$F$26:$F$30,MATCH(5,设置!$P$26:$P$30,0))=0,"—","第 5 名") -> 第 5 名 | B52: =INDEX(设置!$E$26:$E$30,MATCH(5,设置!$P$26:$P$30,0)) -> 王师傅 | C52: =INDEX(设置!$F$26:$F$30,MATCH(5,设置!$P$26:$P$30,0)) -> 8 | D52: =INDEX(设置!$G$26:$G$30,MATCH(5,设置!$P$26:$P$30,0)) -> 7 | E52: =INDEX(设置!$H$26:$H$30,MATCH(5,设置!$P$26:$P$30,0)) -> 1 | F52: =IFERROR(D52/C52,"") -> 0.875 | G52: =INDEX(设置!$I$26:$I$30,MATCH(5,设置!$P$26:$P$30,0)) -> 3 | H52: =INDEX(设置!$J$26:$J$30,MATCH(5,设置!$P$26:$P$30,0)) -> 1 | I52: =INDEX(设置!$K$26:$K$30,MATCH(5,设置!$P$26:$P$30,0)) -> 0 | J52: =INDEX(设置!$L$26:$L$30,MATCH(5,设置!$P$26:$P$30,0)) -> 0 | K52: =IFERROR((G52+H52)/SUM(G52:J52),"") -> 1 | L52: =INDEX(设置!$N$26:$N$30,MATCH(5,设置!$P$26:$P$30,0)) -> 95 | M52: =IFERROR(INDEX(工单台账!$H$4:$L$4,MATCH(B52,工单台账!$H$2:$L$2,0)),"") -> 在岗 1 单
A54: ="三、问题集中在哪 （"&$E$2&"）" -> 三、问题集中在哪 （本月）
A55: 按维修类别
A56: 维修类别 | B56: 报修量 | C56: 已完成 | D56: 未结 | E56: 完成率 | F56: 占比 | G56: 平均处理天数 | H56: 好评率 | I56: 耗材(元)
A57: 门窗五金 | B57: =COUNTIFS(工单[报修日期],">="&期初,工单[报修日期],"<="&期末,工单[维修类别],$A57) -> 43 | C57: =COUNTIFS(工单[报修日期],">="&期初,工单[报修日期],"<="&期末,工单[维修类别],$A57,工单[完成情况],"已完成") -> 43 | D57: =B57-C57 -> 0 | E57: =IFERROR(C57/B57,"") -> 1 | F57: =IFERROR(B57/$B$68,"") -> 0.3006993 | G57: =IFERROR(SUMIFS(工单[处理天数],工单[报修日期],">="&期初,工单[报修日期],"<="&期末,工单[维修类别],$A57,工单[完成情况],"已完成",工单[完成日期],"<>")/COUNTIFS(工单[报修日期],">="&期初,工单[报修日期],"<="&期末,工单[维修类别],$A57,工单[完成情况],"已完成",工单[完成日期],"<>"),"-") -> - | H57: =IFERROR((COUNTIFS(工单[报修日期],">="&期初,工单[报修日期],"<="&期末,工单[维修类别],$A57,工单[维修评价],"非常满意")+COUNTIFS(工单[报修日期],">="&期初,工单[报修日期],"<="&期末,工单[维修类别],$A57,工单[维修评价],"满意"))/COUNTIFS(工单[报修日期],">="&期初,工单[报修日期],"<="&期末,工单[维修类别],$A57,工单[维修评价],"<>"),"") -> 1 | I57: =SUMIFS(工单[耗材费(元)],工单[报修日期],">="&期初,工单[报修日期],"<="&期末,工单[维修类别],$A57) -> 0
A58: 电气照明 | B58: =COUNTIFS(工单[报修日期],">="&期初,工单[报修日期],"<="&期末,工单[维修类别],$A58) -> 27 | C58: =COUNTIFS(工单[报修日期],">="&期初,工单[报修日期],"<="&期末,工单[维修类别],$A58,工单[完成情况],"已完成") -> 24 | D58: =B58-C58 -> 3 | E58: =IFERROR(C58/B58,"") -> 0.88888889 | F58: =IFERROR(B58/$B$68,"") -> 0.18881119 | G58: =IFERROR(SUMIFS(工单[处理天数],工单[报修日期],">="&期初,工单[报修日期],"<="&期末,工单[维修类别],$A58,工单[完成情况],"已完成",工单[完成日期],"<>")/COUNTIFS(工单[报修日期],">="&期初,工单[报修日期],"<="&期末,工单[维修类别],$A58,工单[完成情况],"已完成",工单[完成日期],"<>"),"-") -> - | H58: =IFERROR((COUNTIFS(工单[报修日期],">="&期初,工单[报修日期],"<="&期末,工单[维修类别],$A58,工单[维修评价],"非常满意")+COUNTIFS(工单[报修日期],">="&期初,工单[报修日期],"<="&期末,工单[维修类别],$A58,工单[维修评价],"满意"))/COUNTIFS(工单[报修日期],">="&期初,工单[报修日期],"<="&期末,工单[维修类别],$A58,工单[维修评价],"<>"),"") -> 1 | I58: =SUMIFS(工单[耗材费(元)],工单[报修日期],">="&期初,工单[报修日期],"<="&期末,工单[维修类别],$A58) -> 0
A59: 给排水 | B59: =COUNTIFS(工单[报修日期],">="&期初,工单[报修日期],"<="&期末,工单[维修类别],$A59) -> 18 | C59: =COUNTIFS(工单[报修日期],">="&期初,工单[报修日期],"<="&期末,工单[维修类别],$A59,工单[完成情况],"已完成") -> 17 | D59: =B59-C59 -> 1 | E59: =IFERROR(C59/B59,"") -> 0.94444444 | F59: =IFERROR(B59/$B$68,"") -> 0.12587413 | G59: =IFERROR(SUMIFS(工单[处理天数],工单[报修日期],">="&期初,工单[报修日期],"<="&期末,工单[维修类别],$A59,工单[完成情况],"已完成",工单[完成日期],"<>")/COUNTIFS(工单[报修日期],">="&期初,工单[报修日期],"<="&期末,工单[维修类别],$A59,工单[完成情况],"已完成",工单[完成日期],"<>"),"-") -> - | H59: =IFERROR((COUNTIFS(工单[报修日期],">="&期初,工单[报修日期],"<="&期末,工单[维修类别],$A59,工单[维修评价],"非常满意")+COUNTIFS(工单[报修日期],">="&期初,工单[报修日期],"<="&期末,工单[维修类别],$A59,工单[维修评价],"满意"))/COUNTIFS(工单[报修日期],">="&期初,工单[报修日期],"<="&期末,工单[维修类别],$A59,工单[维修评价],"<>"),"") -> 1 | I59: =SUMIFS(工单[耗材费(元)],工单[报修日期],">="&期初,工单[报修日期],"<="&期末,工单[维修类别],$A59) -> 0
A60: 空调暖通 | B60: =COUNTIFS(工单[报修日期],">="&期初,工单[报修日期],"<="&期末,工单[维修类别],$A60) -> 19 | C60: =COUNTIFS(工单[报修日期],">="&期初,工单[报修日期],"<="&期末,工单[维修类别],$A60,工单[完成情况],"已完成") -> 14 | D60: =B60-C60 -> 5 | E60: =IFERROR(C60/B60,"") -> 0.73684211 | F60: =IFERROR(B60/$B$68,"") -> 0.13286713 | G60: =IFERROR(SUMIFS(工单[处理天数],工单[报修日期],">="&期初,工单[报修日期],"<="&期末,工单[维修类别],$A60,工单[完成情况],"已完成",工单[完成日期],"<>")/COUNTIFS(工单[报修日期],">="&期初,工单[报修日期],"<="&期末,工单[维修类别],$A60,工单[完成情况],"已完成",工单[完成日期],"<>"),"-") -> - | H60: =IFERROR((COUNTIFS(工单[报修日期],">="&期初,工单[报修日期],"<="&期末,工单[维修类别],$A60,工单[维修评价],"非常满意")+COUNTIFS(工单[报修日期],">="&期初,工单[报修日期],"<="&期末,工单[维修类别],$A60,工单[维修评价],"满意"))/COUNTIFS(工单[报修日期],">="&期初,工单[报修日期],"<="&期末,工单[维修类别],$A60,工单[维修评价],"<>"),"") -> 0.92857143 | I60: =SUMIFS(工单[耗材费(元)],工单[报修日期],">="&期初,工单[报修日期],"<="&期末,工单[维修类别],$A60) -> 0
A61: 渗漏防水 | B61: =COUNTIFS(工单[报修日期],">="&期初,工单[报修日期],"<="&期末,工单[维修类别],$A61) -> 8 | C61: =COUNTIFS(工单[报修日期],">="&期初,工单[报修日期],"<="&期末,工单[维修类别],$A61,工单[完成情况],"已完成") -> 2 | D61: =B61-C61 -> 6 | E61: =IFERROR(C61/B61,"") -> 0.25 | F61: =IFERROR(B61/$B$68,"") -> 0.055944056 | G61: =IFERROR(SUMIFS(工单[处理天数],工单[报修日期],">="&期初,工单[报修日期],"<="&期末,工单[维修类别],$A61,工单[完成情况],"已完成",工单[完成日期],"<>")/COUNTIFS(工单[报修日期],">="&期初,工单[报修日期],"<="&期末,工单[维修类别],$A61,工单[完成情况],"已完成",工单[完成日期],"<>"),"-") -> - | H61: =IFERROR((COUNTIFS(工单[报修日期],">="&期初,工单[报修日期],"<="&期末,工单[维修类别],$A61,工单[维修评价],"非常满意")+COUNTIFS(工单[报修日期],">="&期初,工单[报修日期],"<="&期末,工单[维修类别],$A61,工单[维修评价],"满意"))/COUNTIFS(工单[报修日期],">="&期初,工单[报修日期],"<="&期末,工单[维修类别],$A61,工单[维修评价],"<>"),"") -> 1 | I61: =SUMIFS(工单[耗材费(元)],工单[报修日期],">="&期初,工单[报修日期],"<="&期末,工单[维修类别],$A61) -> 0
A62: 墙地饰面 | B62: =COUNTIFS(工单[报修日期],">="&期初,工单[报修日期],"<="&期末,工单[维修类别],$A62) -> 15 | C62: =COUNTIFS(工单[报修日期],">="&期初,工单[报修日期],"<="&期末,工单[维修类别],$A62,工单[完成情况],"已完成") -> 11 | D62: =B62-C62 -> 4 | E62: =IFERROR(C62/B62,"") -> 0.73333333 | F62: =IFERROR(B62/$B$68,"") -> 0.1048951 | G62: =IFERROR(SUMIFS(工单[处理天数],工单[报修日期],">="&期初,工单[报修日期],"<="&期末,工单[维修类别],$A62,工单[完成情况],"已完成",工单[完成日期],"<>")/COUNTIFS(工单[报修日期],">="&期初,工单[报修日期],"<="&期末,工单[维修类别],$A62,工单[完成情况],"已完成",工单[完成日期],"<>"),"-") -> - | H62: =IFERROR((COUNTIFS(工单[报修日期],">="&期初,工单[报修日期],"<="&期末,工单[维修类别],$A62,工单[维修评价],"非常满意")+COUNTIFS(工单[报修日期],">="&期初,工单[报修日期],"<="&期末,工单[维修类别],$A62,工单[维修评价],"满意"))/COUNTIFS(工单[报修日期],">="&期初,工单[报修日期],"<="&期末,工单[维修类别],$A62,工单[维修评价],"<>"),"") -> 1 | I62: =SUMIFS(工单[耗材费(元)],工单[报修日期],">="&期初,工单[报修日期],"<="&期末,工单[维修类别],$A62) -> 0
A63: 燃气厨电 | B63: =COUNTIFS(工单[报修日期],">="&期初,工单[报修日期],"<="&期末,工单[维修类别],$A63) -> 4 | C63: =COUNTIFS(工单[报修日期],">="&期初,工单[报修日期],"<="&期末,工单[维修类别],$A63,工单[完成情况],"已完成") -> 4 | D63: =B63-C63 -> 0 | E63: =IFERROR(C63/B63,"") -> 1 | F63: =IFERROR(B63/$B$68,"") -> 0.027972028 | G63: =IFERROR(SUMIFS(工单[处理天数],工单[报修日期],">="&期初,工单[报修日期],"<="&期末,工单[维修类别],$A63,工单[完成情况],"已完成",工单[完成日期],"<>")/COUNTIFS(工单[报修日期],">="&期初,工单[报修日期],"<="&期末,工单[维修类别],$A63,工单[完成情况],"已完成",工单[完成日期],"<>"),"-") -> - | H63: =IFERROR((COUNTIFS(工单[报修日期],">="&期初,工单[报修日期],"<="&期末,工单[维修类别],$A63,工单[维修评价],"非常满意")+COUNTIFS(工单[报修日期],">="&期初,工单[报修日期],"<="&期末,工单[维修类别],$A63,工单[维修评价],"满意"))/COUNTIFS(工单[报修日期],">="&期初,工单[报修日期],"<="&期末,工单[维修类别],$A63,工单[维修评价],"<>"),"") -> 1 | I63: =SUMIFS(工单[耗材费(元)],工单[报修日期],">="&期初,工单[报修日期],"<="&期末,工单[维修类别],$A63) -> 0
A64: 弱电门禁 | B64: =COUNTIFS(工单[报修日期],">="&期初,工单[报修日期],"<="&期末,工单[维修类别],$A64) -> 4 | C64: =COUNTIFS(工单[报修日期],">="&期初,工单[报修日期],"<="&期末,工单[维修类别],$A64,工单[完成情况],"已完成") -> 4 | D64: =B64-C64 -> 0 | E64: =IFERROR(C64/B64,"") -> 1 | F64: =IFERROR(B64/$B$68,"") -> 0.027972028 | G64: =IFERROR(SUMIFS(工单[处理天数],工单[报修日期],">="&期初,工单[报修日期],"<="&期末,工单[维修类别],$A64,工单[完成情况],"已完成",工单[完成日期],"<>")/COUNTIFS(工单[报修日期],">="&期初,工单[报修日期],"<="&期末,工单[维修类别],$A64,工单[完成情况],"已完成",工单[完成日期],"<>"),"-") -> - | H64: =IFERROR((COUNTIFS(工单[报修日期],">="&期初,工单[报修日期],"<="&期末,工单[维修类别],$A64,工单[维修评价],"非常满意")+COUNTIFS(工单[报修日期],">="&期初,工单[报修日期],"<="&期末,工单[维修类别],$A64,工单[维修评价],"满意"))/COUNTIFS(工单[报修日期],">="&期初,工单[报修日期],"<="&期末,工单[维修类别],$A64,工单[维修评价],"<>"),"") | I64: =SUMIFS(工单[耗材费(元)],工单[报修日期],">="&期初,工单[报修日期],"<="&期末,工单[维修类别],$A64) -> 0
A65: 公共设施 | B65: =COUNTIFS(工单[报修日期],">="&期初,工单[报修日期],"<="&期末,工单[维修类别],$A65) -> 1 | C65: =COUNTIFS(工单[报修日期],">="&期初,工单[报修日期],"<="&期末,工单[维修类别],$A65,工单[完成情况],"已完成") -> 1 | D65: =B65-C65 -> 0 | E65: =IFERROR(C65/B65,"") -> 1 | F65: =IFERROR(B65/$B$68,"") -> 0.006993007 | G65: =IFERROR(SUMIFS(工单[处理天数],工单[报修日期],">="&期初,工单[报修日期],"<="&期末,工单[维修类别],$A65,工单[完成情况],"已完成",工单[完成日期],"<>")/COUNTIFS(工单[报修日期],">="&期初,工单[报修日期],"<="&期末,工单[维修类别],$A65,工单[完成情况],"已完成",工单[完成日期],"<>"),"-") -> - | H65: =IFERROR((COUNTIFS(工单[报修日期],">="&期初,工单[报修日期],"<="&期末,工单[维修类别],$A65,工单[维修评价],"非常满意")+COUNTIFS(工单[报修日期],">="&期初,工单[报修日期],"<="&期末,工单[维修类别],$A65,工单[维修评价],"满意"))/COUNTIFS(工单[报修日期],">="&期初,工单[报修日期],"<="&期末,工单[维修类别],$A65,工单[维修评价],"<>"),"") | I65: =SUMIFS(工单[耗材费(元)],工单[报修日期],">="&期初,工单[报修日期],"<="&期末,工单[维修类别],$A65) -> 0
A66: 其他 | B66: =COUNTIFS(工单[报修日期],">="&期初,工单[报修日期],"<="&期末,工单[维修类别],$A66) -> 4 | C66: =COUNTIFS(工单[报修日期],">="&期初,工单[报修日期],"<="&期末,工单[维修类别],$A66,工单[完成情况],"已完成") -> 4 | D66: =B66-C66 -> 0 | E66: =IFERROR(C66/B66,"") -> 1 | F66: =IFERROR(B66/$B$68,"") -> 0.027972028 | G66: =IFERROR(SUMIFS(工单[处理天数],工单[报修日期],">="&期初,工单[报修日期],"<="&期末,工单[维修类别],$A66,工单[完成情况],"已完成",工单[完成日期],"<>")/COUNTIFS(工单[报修日期],">="&期初,工单[报修日期],"<="&期末,工单[维修类别],$A66,工单[完成情况],"已完成",工单[完成日期],"<>"),"-") -> - | H66: =IFERROR((COUNTIFS(工单[报修日期],">="&期初,工单[报修日期],"<="&期末,工单[维修类别],$A66,工单[维修评价],"非常满意")+COUNTIFS(工单[报修日期],">="&期初,工单[报修日期],"<="&期末,工单[维修类别],$A66,工单[维修评价],"满意"))/COUNTIFS(工单[报修日期],">="&期初,工单[报修日期],"<="&期末,工单[维修类别],$A66,工单[维修评价],"<>"),"") -> 1 | I66: =SUMIFS(工单[耗材费(元)],工单[报修日期],">="&期初,工单[报修日期],"<="&期末,工单[维修类别],$A66) -> 0
A67: 未分类 | B67: =COUNTIFS(工单[报修日期],">="&期初,工单[报修日期],"<="&期末)-SUM(B57:B66) -> 0 | C67: =COUNTIFS(工单[报修日期],">="&期初,工单[报修日期],"<="&期末,工单[完成情况],"已完成")-SUM(C57:C66) -> 0 | D67: =B67-C67 -> 0 | E67: =IFERROR(C67/B67,"") | F67: =IFERROR(B67/$B$68,"") -> 0 | G67: - | I67: =SUMIFS(工单[耗材费(元)],工单[报修日期],">="&期初,工单[报修日期],"<="&期末)-SUM(I57:I66) -> 0
A68: 合计 | B68: =SUM(B57:B67) -> 143 | C68: =SUM(C57:C67) -> 124 | D68: =SUM(D57:D67) -> 19 | E68: =IFERROR(C68/B68,"") -> 0.86713287 | F68: =IF(B68=0,"",1) -> 1 | G68: =G43 -> - | H68: =E43 -> 0.99099099 | I68: =SUM(I57:I67) -> 0
A70: 按楼栋
A71: 楼栋 | B71: 报修量 | C71: 入户 | D71: 公区 | E71: 已完成 | F71: 未结 | G71: 完成率 | H71: 好评率 | I71: 重复报修户
A72: =设置!E9&"" -> 1栋 | B72: =COUNTIFS(工单[报修日期],">="&期初,工单[报修日期],"<="&期末,工单[楼栋],$A72) -> 8 | C72: =COUNTIFS(工单[报修日期],">="&期初,工单[报修日期],"<="&期末,工单[楼栋],$A72,工单[类型],"入户") -> 8 | D72: =COUNTIFS(工单[报修日期],">="&期初,工单[报修日期],"<="&期末,工单[楼栋],$A72,工单[类型],"公区") -> 0 | E72: =COUNTIFS(工单[报修日期],">="&期初,工单[报修日期],"<="&期末,工单[楼栋],$A72,工单[完成情况],"已完成") -> 8 | F72: =B72-E72 -> 0 | G72: =IFERROR(E72/B72,"") -> 1 | H72: =IFERROR((COUNTIFS(工单[报修日期],">="&期初,工单[报修日期],"<="&期末,工单[楼栋],$A72,工单[维修评价],"非常满意")+COUNTIFS(工单[报修日期],">="&期初,工单[报修日期],"<="&期末,工单[楼栋],$A72,工单[维修评价],"满意"))/COUNTIFS(工单[报修日期],">="&期初,工单[报修日期],"<="&期末,工单[楼栋],$A72,工单[维修评价],"<>"),"") -> 1 | I72: =COUNTIFS(工单[楼栋],$A72,工单[该户第几次],2,工单[报修日期],">="&期初,工单[报修日期],"<="&期末) -> 0
A73: =设置!E10&"" -> 2栋 | B73: =COUNTIFS(工单[报修日期],">="&期初,工单[报修日期],"<="&期末,工单[楼栋],$A73) -> 7 | C73: =COUNTIFS(工单[报修日期],">="&期初,工单[报修日期],"<="&期末,工单[楼栋],$A73,工单[类型],"入户") -> 6 | D73: =COUNTIFS(工单[报修日期],">="&期初,工单[报修日期],"<="&期末,工单[楼栋],$A73,工单[类型],"公区") -> 1 | E73: =COUNTIFS(工单[报修日期],">="&期初,工单[报修日期],"<="&期末,工单[楼栋],$A73,工单[完成情况],"已完成") -> 7 | F73: =B73-E73 -> 0 | G73: =IFERROR(E73/B73,"") -> 1 | H73: =IFERROR((COUNTIFS(工单[报修日期],">="&期初,工单[报修日期],"<="&期末,工单[楼栋],$A73,工单[维修评价],"非常满意")+COUNTIFS(工单[报修日期],">="&期初,工单[报修日期],"<="&期末,工单[楼栋],$A73,工单[维修评价],"满意"))/COUNTIFS(工单[报修日期],">="&期初,工单[报修日期],"<="&期末,工单[楼栋],$A73,工单[维修评价],"<>"),"") -> 1 | I73: =COUNTIFS(工单[楼栋],$A73,工单[该户第几次],2,工单[报修日期],">="&期初,工单[报修日期],"<="&期末) -> 0
A74: =设置!E11&"" -> 3栋 | B74: =COUNTIFS(工单[报修日期],">="&期初,工单[报修日期],"<="&期末,工单[楼栋],$A74) -> 7 | C74: =COUNTIFS(工单[报修日期],">="&期初,工单[报修日期],"<="&期末,工单[楼栋],$A74,工单[类型],"入户") -> 5 | D74: =COUNTIFS(工单[报修日期],">="&期初,工单[报修日期],"<="&期末,工单[楼栋],$A74,工单[类型],"公区") -> 2 | E74: =COUNTIFS(工单[报修日期],">="&期初,工单[报修日期],"<="&期末,工单[楼栋],$A74,工单[完成情况],"已完成") -> 6 | F74: =B74-E74 -> 1 | G74: =IFERROR(E74/B74,"") -> 0.85714286 | H74: =IFERROR((COUNTIFS(工单[报修日期],">="&期初,工单[报修日期],"<="&期末,工单[楼栋],$A74,工单[维修评价],"非常满意")+COUNTIFS(工单[报修日期],">="&期初,工单[报修日期],"<="&期末,工单[楼栋],$A74,工单[维修评价],"满意"))/COUNTIFS(工单[报修日期],">="&期初,工单[报修日期],"<="&期末,工单[楼栋],$A74,工单[维修评价],"<>"),"") -> 1 | I74: =COUNTIFS(工单[楼栋],$A74,工单[该户第几次],2,工单[报修日期],">="&期初,工单[报修日期],"<="&期末) -> 0
A75: =设置!E12&"" -> 4栋 | B75: =COUNTIFS(工单[报修日期],">="&期初,工单[报修日期],"<="&期末,工单[楼栋],$A75) -> 6 | C75: =COUNTIFS(工单[报修日期],">="&期初,工单[报修日期],"<="&期末,工单[楼栋],$A75,工单[类型],"入户") -> 6 | D75: =COUNTIFS(工单[报修日期],">="&期初,工单[报修日期],"<="&期末,工单[楼栋],$A75,工单[类型],"公区") -> 0 | E75: =COUNTIFS(工单[报修日期],">="&期初,工单[报修日期],"<="&期末,工单[楼栋],$A75,工单[完成情况],"已完成") -> 6 | F75: =B75-E75 -> 0 | G75: =IFERROR(E75/B75,"") -> 1 | H75: =IFERROR((COUNTIFS(工单[报修日期],">="&期初,工单[报修日期],"<="&期末,工单[楼栋],$A75,工单[维修评价],"非常满意")+COUNTIFS(工单[报修日期],">="&期初,工单[报修日期],"<="&期末,工单[楼栋],$A75,工单[维修评价],"满意"))/COUNTIFS(工单[报修日期],">="&期初,工单[报修日期],"<="&期末,工单[楼栋],$A75,工单[维修评价],"<>"),"") -> 1 | I75: =COUNTIFS(工单[楼栋],$A75,工单[该户第几次],2,工单[报修日期],">="&期初,工单[报修日期],"<="&期末) -> 0
A76: =设置!E13&"" -> 5栋 | B76: =COUNTIFS(工单[报修日期],">="&期初,工单[报修日期],"<="&期末,工单[楼栋],$A76) -> 17 | C76: =COUNTIFS(工单[报修日期],">="&期初,工单[报修日期],"<="&期末,工单[楼栋],$A76,工单[类型],"入户") -> 15 | D76: =COUNTIFS(工单[报修日期],">="&期初,工单[报修日期],"<="&期末,工单[楼栋],$A76,工单[类型],"公区") -> 2 | E76: =COUNTIFS(工单[报修日期],">="&期初,工单[报修日期],"<="&期末,工单[楼栋],$A76,工单[完成情况],"已完成") -> 14 | F76: =B76-E76 -> 3 | G76: =IFERROR(E76/B76,"") -> 0.82352941 | H76: =IFERROR((COUNTIFS(工单[报修日期],">="&期初,工单[报修日期],"<="&期末,工单[楼栋],$A76,工单[维修评价],"非常满意")+COUNTIFS(工单[报修日期],">="&期初,工单[报修日期],"<="&期末,工单[楼栋],$A76,工单[维修评价],"满意"))/COUNTIFS(工单[报修日期],">="&期初,工单[报修日期],"<="&期末,工单[楼栋],$A76,工单[维修评价],"<>"),"") -> 1 | I76: =COUNTIFS(工单[楼栋],$A76,工单[该户第几次],2,工单[报修日期],">="&期初,工单[报修日期],"<="&期末) -> 1
A77: =设置!E14&"" -> 6栋 | B77: =COUNTIFS(工单[报修日期],">="&期初,工单[报修日期],"<="&期末,工单[楼栋],$A77) -> 17 | C77: =COUNTIFS(工单[报修日期],">="&期初,工单[报修日期],"<="&期末,工单[楼栋],$A77,工单[类型],"入户") -> 17 | D77: =COUNTIFS(工单[报修日期],">="&期初,工单[报修日期],"<="&期末,工单[楼栋],$A77,工单[类型],"公区") -> 0 | E77: =COUNTIFS(工单[报修日期],">="&期初,工单[报修日期],"<="&期末,工单[楼栋],$A77,工单[完成情况],"已完成") -> 13 | F77: =B77-E77 -> 4 | G77: =IFERROR(E77/B77,"") -> 0.76470588 | H77: =IFERROR((COUNTIFS(工单[报修日期],">="&期初,工单[报修日期],"<="&期末,工单[楼栋],$A77,工单[维修评价],"非常满意")+COUNTIFS(工单[报修日期],">="&期初,工单[报修日期],"<="&期末,工单[楼栋],$A77,工单[维修评价],"满意"))/COUNTIFS(工单[报修日期],">="&期初,工单[报修日期],"<="&期末,工单[楼栋],$A77,工单[维修评价],"<>"),"") -> 0.93333333 | I77: =COUNTIFS(工单[楼栋],$A77,工单[该户第几次],2,工单[报修日期],">="&期初,工单[报修日期],"<="&期末) -> 1
A78: =设置!E15&"" -> 7栋 | B78: =COUNTIFS(工单[报修日期],">="&期初,工单[报修日期],"<="&期末,工单[楼栋],$A78) -> 14 | C78: =COUNTIFS(工单[报修日期],">="&期初,工单[报修日期],"<="&期末,工单[楼栋],$A78,工单[类型],"入户") -> 13 | D78: =COUNTIFS(工单[报修日期],">="&期初,工单[报修日期],"<="&期末,工单[楼栋],$A78,工单[类型],"公区") -> 1 | E78: =COUNTIFS(工单[报修日期],">="&期初,工单[报修日期],"<="&期末,工单[楼栋],$A78,工单[完成情况],"已完成") -> 11 | F78: =B78-E78 -> 3 | G78: =IFERROR(E78/B78,"") -> 0.78571429 | H78: =IFERROR((COUNTIFS(工单[报修日期],">="&期初,工单[报修日期],"<="&期末,工单[楼栋],$A78,工单[维修评价],"非常满意")+COUNTIFS(工单[报修日期],">="&期初,工单[报修日期],"<="&期末,工单[楼栋],$A78,工单[维修评价],"满意"))/COUNTIFS(工单[报修日期],">="&期初,工单[报修日期],"<="&期末,工单[楼栋],$A78,工单[维修评价],"<>"),"") -> 1 | I78: =COUNTIFS(工单[楼栋],$A78,工单[该户第几次],2,工单[报修日期],">="&期初,工单[报修日期],"<="&期末) -> 1
A79: =设置!E16&"" -> 8栋 | B79: =COUNTIFS(工单[报修日期],">="&期初,工单[报修日期],"<="&期末,工单[楼栋],$A79) -> 16 | C79: =COUNTIFS(工单[报修日期],">="&期初,工单[报修日期],"<="&期末,工单[楼栋],$A79,工单[类型],"入户") -> 15 | D79: =COUNTIFS(工单[报修日期],">="&期初,工单[报修日期],"<="&期末,工单[楼栋],$A79,工单[类型],"公区") -> 1 | E79: =COUNTIFS(工单[报修日期],">="&期初,工单[报修日期],"<="&期末,工单[楼栋],$A79,工单[完成情况],"已完成") -> 14 | F79: =B79-E79 -> 2 | G79: =IFERROR(E79/B79,"") -> 0.875 | H79: =IFERROR((COUNTIFS(工单[报修日期],">="&期初,工单[报修日期],"<="&期末,工单[楼栋],$A79,工单[维修评价],"非常满意")+COUNTIFS(工单[报修日期],">="&期初,工单[报修日期],"<="&期末,工单[楼栋],$A79,工单[维修评价],"满意"))/COUNTIFS(工单[报修日期],">="&期初,工单[报修日期],"<="&期末,工单[楼栋],$A79,工单[维修评价],"<>"),"") -> 1 | I79: =COUNTIFS(工单[楼栋],$A79,工单[该户第几次],2,工单[报修日期],">="&期初,工单[报修日期],"<="&期末) -> 1
A80: =设置!E17&"" -> 9栋 | B80: =COUNTIFS(工单[报修日期],">="&期初,工单[报修日期],"<="&期末,工单[楼栋],$A80) -> 14 | C80: =COUNTIFS(工单[报修日期],">="&期初,工单[报修日期],"<="&期末,工单[楼栋],$A80,工单[类型],"入户") -> 12 | D80: =COUNTIFS(工单[报修日期],">="&期初,工单[报修日期],"<="&期末,工单[楼栋],$A80,工单[类型],"公区") -> 2 | E80: =COUNTIFS(工单[报修日期],">="&期初,工单[报修日期],"<="&期末,工单[楼栋],$A80,工单[完成情况],"已完成") -> 13 | F80: =B80-E80 -> 1 | G80: =IFERROR(E80/B80,"") -> 0.92857143 | H80: =IFERROR((COUNTIFS(工单[报修日期],">="&期初,工单[报修日期],"<="&期末,工单[楼栋],$A80,工单[维修评价],"非常满意")+COUNTIFS(工单[报修日期],">="&期初,工单[报修日期],"<="&期末,工单[楼栋],$A80,工单[维修评价],"满意"))/COUNTIFS(工单[报修日期],">="&期初,工单[报修日期],"<="&期末,工单[楼栋],$A80,工单[维修评价],"<>"),"") -> 1 | I80: =COUNTIFS(工单[楼栋],$A80,工单[该户第几次],2,工单[报修日期],">="&期初,工单[报修日期],"<="&期末) -> 0
A81: =设置!E18&"" -> 10栋 | B81: =COUNTIFS(工单[报修日期],">="&期初,工单[报修日期],"<="&期末,工单[楼栋],$A81) -> 16 | C81: =COUNTIFS(工单[报修日期],">="&期初,工单[报修日期],"<="&期末,工单[楼栋],$A81,工单[类型],"入户") -> 13 | D81: =COUNTIFS(工单[报修日期],">="&期初,工单[报修日期],"<="&期末,工单[楼栋],$A81,工单[类型],"公区") -> 3 | E81: =COUNTIFS(工单[报修日期],">="&期初,工单[报修日期],"<="&期末,工单[楼栋],$A81,工单[完成情况],"已完成") -> 14 | F81: =B81-E81 -> 2 | G81: =IFERROR(E81/B81,"") -> 0.875 | H81: =IFERROR((COUNTIFS(工单[报修日期],">="&期初,工单[报修日期],"<="&期末,工单[楼栋],$A81,工单[维修评价],"非常满意")+COUNTIFS(工单[报修日期],">="&期初,工单[报修日期],"<="&期末,工单[楼栋],$A81,工单[维修评价],"满意"))/COUNTIFS(工单[报修日期],">="&期初,工单[报修日期],"<="&期末,工单[楼栋],$A81,工单[维修评价],"<>"),"") -> 1 | I81: =COUNTIFS(工单[楼栋],$A81,工单[该户第几次],2,工单[报修日期],">="&期初,工单[报修日期],"<="&期末) -> 0
A82: =设置!E19&"" -> 11栋 | B82: =COUNTIFS(工单[报修日期],">="&期初,工单[报修日期],"<="&期末,工单[楼栋],$A82) -> 12 | C82: =COUNTIFS(工单[报修日期],">="&期初,工单[报修日期],"<="&期末,工单[楼栋],$A82,工单[类型],"入户") -> 10 | D82: =COUNTIFS(工单[报修日期],">="&期初,工单[报修日期],"<="&期末,工单[楼栋],$A82,工单[类型],"公区") -> 2 | E82: =COUNTIFS(工单[报修日期],">="&期初,工单[报修日期],"<="&期末,工单[楼栋],$A82,工单[完成情况],"已完成") -> 11 | F82: =B82-E82 -> 1 | G82: =IFERROR(E82/B82,"") -> 0.91666667 | H82: =IFERROR((COUNTIFS(工单[报修日期],">="&期初,工单[报修日期],"<="&期末,工单[楼栋],$A82,工单[维修评价],"非常满意")+COUNTIFS(工单[报修日期],">="&期初,工单[报修日期],"<="&期末,工单[楼栋],$A82,工单[维修评价],"满意"))/COUNTIFS(工单[报修日期],">="&期初,工单[报修日期],"<="&期末,工单[楼栋],$A82,工单[维修评价],"<>"),"") -> 1 | I82: =COUNTIFS(工单[楼栋],$A82,工单[该户第几次],2,工单[报修日期],">="&期初,工单[报修日期],"<="&期末) -> 0
A83: =设置!E20&"" -> 商铺 | B83: =COUNTIFS(工单[报修日期],">="&期初,工单[报修日期],"<="&期末,工单[楼栋],$A83) -> 1 | C83: =COUNTIFS(工单[报修日期],">="&期初,工单[报修日期],"<="&期末,工单[楼栋],$A83,工单[类型],"入户") -> 1 | D83: =COUNTIFS(工单[报修日期],">="&期初,工单[报修日期],"<="&期末,工单[楼栋],$A83,工单[类型],"公区") -> 0 | E83: =COUNTIFS(工单[报修日期],">="&期初,工单[报修日期],"<="&期末,工单[楼栋],$A83,工单[完成情况],"已完成") -> 1 | F83: =B83-E83 -> 0 | G83: =IFERROR(E83/B83,"") -> 1 | H83: =IFERROR((COUNTIFS(工单[报修日期],">="&期初,工单[报修日期],"<="&期末,工单[楼栋],$A83,工单[维修评价],"非常满意")+COUNTIFS(工单[报修日期],">="&期初,工单[报修日期],"<="&期末,工单[楼栋],$A83,工单[维修评价],"满意"))/COUNTIFS(工单[报修日期],">="&期初,工单[报修日期],"<="&期末,工单[楼栋],$A83,工单[维修评价],"<>"),"") -> 1 | I83: =COUNTIFS(工单[楼栋],$A83,工单[该户第几次],2,工单[报修日期],">="&期初,工单[报修日期],"<="&期末) -> 0
A84: =设置!E21&"" -> 公共区域 | B84: =COUNTIFS(工单[报修日期],">="&期初,工单[报修日期],"<="&期末,工单[楼栋],$A84) -> 8 | C84: =COUNTIFS(工单[报修日期],">="&期初,工单[报修日期],"<="&期末,工单[楼栋],$A84,工单[类型],"入户") -> 0 | D84: =COUNTIFS(工单[报修日期],">="&期初,工单[报修日期],"<="&期末,工单[楼栋],$A84,工单[类型],"公区") -> 8 | E84: =COUNTIFS(工单[报修日期],">="&期初,工单[报修日期],"<="&期末,工单[楼栋],$A84,工单[完成情况],"已完成") -> 6 | F84: =B84-E84 -> 2 | G84: =IFERROR(E84/B84,"") -> 0.75 | H84: =IFERROR((COUNTIFS(工单[报修日期],">="&期初,工单[报修日期],"<="&期末,工单[楼栋],$A84,工单[维修评价],"非常满意")+COUNTIFS(工单[报修日期],">="&期初,工单[报修日期],"<="&期末,工单[楼栋],$A84,工单[维修评价],"满意"))/COUNTIFS(工单[报修日期],">="&期初,工单[报修日期],"<="&期末,工单[楼栋],$A84,工单[维修评价],"<>"),"") | I84: =COUNTIFS(工单[楼栋],$A84,工单[该户第几次],2,工单[报修日期],">="&期初,工单[报修日期],"<="&期末) -> 1
A85: 合计 | B85: =SUM(B72:B84) -> 143 | C85: =SUM(C72:C84) -> 121 | D85: =SUM(D72:D84) -> 22 | E85: =SUM(E72:E84) -> 124 | F85: =SUM(F72:F84) -> 19 | G85: =IFERROR(E85/B85,"") -> 0.86713287 | H85: =E43 -> 0.99099099 | I85: =SUM(I72:I84) -> 5
A87: 师傅 × 楼栋（本期接单数，看每位师傅熟悉哪些楼）
A88: 师傅 | B88: =A72 -> 1栋 | C88: =A73 -> 2栋 | D88: =A74 -> 3栋 | E88: =A75 -> 4栋 | F88: =A76 -> 5栋 | G88: =A77 -> 6栋 | H88: =A78 -> 7栋 | I88: =A79 -> 8栋 | J88: =A80 -> 9栋 | K88: =A81 -> 10栋 | L88: =A82 -> 11栋 | M88: =A83 -> 商铺 | N88: =A84 -> 公共区域
A89: =设置!A9&"" -> 张师傅 | B89: =COUNTIFS(工单[跟进人1],$A89,工单[楼栋],B$88,工单[报修日期],">="&期初,工单[报修日期],"<="&期末)+COUNTIFS(工单[跟进人2],$A89,工单[楼栋],B$88,工单[报修日期],">="&期初,工单[报修日期],"<="&期末) -> 4 | C89: =COUNTIFS(工单[跟进人1],$A89,工单[楼栋],C$88,工单[报修日期],">="&期初,工单[报修日期],"<="&期末)+COUNTIFS(工单[跟进人2],$A89,工单[楼栋],C$88,工单[报修日期],">="&期初,工单[报修日期],"<="&期末) -> 4 | D89: =COUNTIFS(工单[跟进人1],$A89,工单[楼栋],D$88,工单[报修日期],">="&期初,工单[报修日期],"<="&期末)+COUNTIFS(工单[跟进人2],$A89,工单[楼栋],D$88,工单[报修日期],">="&期初,工单[报修日期],"<="&期末) -> 2 | E89: =COUNTIFS(工单[跟进人1],$A89,工单[楼栋],E$88,工单[报修日期],">="&期初,工单[报修日期],"<="&期末)+COUNTIFS(工单[跟进人2],$A89,工单[楼栋],E$88,工单[报修日期],">="&期初,工单[报修日期],"<="&期末) -> 1 | F89: =COUNTIFS(工单[跟进人1],$A89,工单[楼栋],F$88,工单[报修日期],">="&期初,工单[报修日期],"<="&期末)+COUNTIFS(工单[跟进人2],$A89,工单[楼栋],F$88,工单[报修日期],">="&期初,工单[报修日期],"<="&期末) -> 7 | G89: =COUNTIFS(工单[跟进人1],$A89,工单[楼栋],G$88,工单[报修日期],">="&期初,工单[报修日期],"<="&期末)+COUNTIFS(工单[跟进人2],$A89,工单[楼栋],G$88,工单[报修日期],">="&期初,工单[报修日期],"<="&期末) -> 10 | H89: =COUNTIFS(工单[跟进人1],$A89,工单[楼栋],H$88,工单[报修日期],">="&期初,工单[报修日期],"<="&期末)+COUNTIFS(工单[跟进人2],$A89,工单[楼栋],H$88,工单[报修日期],">="&期初,工单[报修日期],"<="&期末) -> 8 | I89: =COUNTIFS(工单[跟进人1],$A89,工单[楼栋],I$88,工单[报修日期],">="&期初,工单[报修日期],"<="&期末)+COUNTIFS(工单[跟进人2],$A89,工单[楼栋],I$88,工单[报修日期],">="&期初,工单[报修日期],"<="&期末) -> 9 | ... N89: =COUNTIFS(工单[跟进人1],$A89,工单[楼栋],N$88,工单[报修日期],">="&期初,工单[报修日期],"<="&期末)+COUNTIFS(工单[跟进人2],$A89,工单[楼栋],N$88,工单[报修日期],">="&期初,工单[报修日期],"<="&期末) -> 3
A90: =设置!A10&"" -> 李师傅 | B90: =COUNTIFS(工单[跟进人1],$A90,工单[楼栋],B$88,工单[报修日期],">="&期初,工单[报修日期],"<="&期末)+COUNTIFS(工单[跟进人2],$A90,工单[楼栋],B$88,工单[报修日期],">="&期初,工单[报修日期],"<="&期末) -> 0 | C90: =COUNTIFS(工单[跟进人1],$A90,工单[楼栋],C$88,工单[报修日期],">="&期初,工单[报修日期],"<="&期末)+COUNTIFS(工单[跟进人2],$A90,工单[楼栋],C$88,工单[报修日期],">="&期初,工单[报修日期],"<="&期末) -> 1 | D90: =COUNTIFS(工单[跟进人1],$A90,工单[楼栋],D$88,工单[报修日期],">="&期初,工单[报修日期],"<="&期末)+COUNTIFS(工单[跟进人2],$A90,工单[楼栋],D$88,工单[报修日期],">="&期初,工单[报修日期],"<="&期末) -> 2 | E90: =COUNTIFS(工单[跟进人1],$A90,工单[楼栋],E$88,工单[报修日期],">="&期初,工单[报修日期],"<="&期末)+COUNTIFS(工单[跟进人2],$A90,工单[楼栋],E$88,工单[报修日期],">="&期初,工单[报修日期],"<="&期末) -> 1 | F90: =COUNTIFS(工单[跟进人1],$A90,工单[楼栋],F$88,工单[报修日期],">="&期初,工单[报修日期],"<="&期末)+COUNTIFS(工单[跟进人2],$A90,工单[楼栋],F$88,工单[报修日期],">="&期初,工单[报修日期],"<="&期末) -> 5 | G90: =COUNTIFS(工单[跟进人1],$A90,工单[楼栋],G$88,工单[报修日期],">="&期初,工单[报修日期],"<="&期末)+COUNTIFS(工单[跟进人2],$A90,工单[楼栋],G$88,工单[报修日期],">="&期初,工单[报修日期],"<="&期末) -> 3 | H90: =COUNTIFS(工单[跟进人1],$A90,工单[楼栋],H$88,工单[报修日期],">="&期初,工单[报修日期],"<="&期末)+COUNTIFS(工单[跟进人2],$A90,工单[楼栋],H$88,工单[报修日期],">="&期初,工单[报修日期],"<="&期末) -> 5 | I90: =COUNTIFS(工单[跟进人1],$A90,工单[楼栋],I$88,工单[报修日期],">="&期初,工单[报修日期],"<="&期末)+COUNTIFS(工单[跟进人2],$A90,工单[楼栋],I$88,工单[报修日期],">="&期初,工单[报修日期],"<="&期末) -> 6 | ... N90: =COUNTIFS(工单[跟进人1],$A90,工单[楼栋],N$88,工单[报修日期],">="&期初,工单[报修日期],"<="&期末)+COUNTIFS(工单[跟进人2],$A90,工单[楼栋],N$88,工单[报修日期],">="&期初,工单[报修日期],"<="&期末) -> 0
A91: =设置!A11&"" -> 王师傅 | B91: =COUNTIFS(工单[跟进人1],$A91,工单[楼栋],B$88,工单[报修日期],">="&期初,工单[报修日期],"<="&期末)+COUNTIFS(工单[跟进人2],$A91,工单[楼栋],B$88,工单[报修日期],">="&期初,工单[报修日期],"<="&期末) -> 0 | C91: =COUNTIFS(工单[跟进人1],$A91,工单[楼栋],C$88,工单[报修日期],">="&期初,工单[报修日期],"<="&期末)+COUNTIFS(工单[跟进人2],$A91,工单[楼栋],C$88,工单[报修日期],">="&期初,工单[报修日期],"<="&期末) -> 1 | D91: =COUNTIFS(工单[跟进人1],$A91,工单[楼栋],D$88,工单[报修日期],">="&期初,工单[报修日期],"<="&期末)+COUNTIFS(工单[跟进人2],$A91,工单[楼栋],D$88,工单[报修日期],">="&期初,工单[报修日期],"<="&期末) -> 0 | E91: =COUNTIFS(工单[跟进人1],$A91,工单[楼栋],E$88,工单[报修日期],">="&期初,工单[报修日期],"<="&期末)+COUNTIFS(工单[跟进人2],$A91,工单[楼栋],E$88,工单[报修日期],">="&期初,工单[报修日期],"<="&期末) -> 0 | F91: =COUNTIFS(工单[跟进人1],$A91,工单[楼栋],F$88,工单[报修日期],">="&期初,工单[报修日期],"<="&期末)+COUNTIFS(工单[跟进人2],$A91,工单[楼栋],F$88,工单[报修日期],">="&期初,工单[报修日期],"<="&期末) -> 0 | G91: =COUNTIFS(工单[跟进人1],$A91,工单[楼栋],G$88,工单[报修日期],">="&期初,工单[报修日期],"<="&期末)+COUNTIFS(工单[跟进人2],$A91,工单[楼栋],G$88,工单[报修日期],">="&期初,工单[报修日期],"<="&期末) -> 2 | H91: =COUNTIFS(工单[跟进人1],$A91,工单[楼栋],H$88,工单[报修日期],">="&期初,工单[报修日期],"<="&期末)+COUNTIFS(工单[跟进人2],$A91,工单[楼栋],H$88,工单[报修日期],">="&期初,工单[报修日期],"<="&期末) -> 1 | I91: =COUNTIFS(工单[跟进人1],$A91,工单[楼栋],I$88,工单[报修日期],">="&期初,工单[报修日期],"<="&期末)+COUNTIFS(工单[跟进人2],$A91,工单[楼栋],I$88,工单[报修日期],">="&期初,工单[报修日期],"<="&期末) -> 1 | ... N91: =COUNTIFS(工单[跟进人1],$A91,工单[楼栋],N$88,工单[报修日期],">="&期初,工单[报修日期],"<="&期末)+COUNTIFS(工单[跟进人2],$A91,工单[楼栋],N$88,工单[报修日期],">="&期初,工单[报修日期],"<="&期末) -> 2
A92: =设置!A12&"" -> 陈师傅 | B92: =COUNTIFS(工单[跟进人1],$A92,工单[楼栋],B$88,工单[报修日期],">="&期初,工单[报修日期],"<="&期末)+COUNTIFS(工单[跟进人2],$A92,工单[楼栋],B$88,工单[报修日期],">="&期初,工单[报修日期],"<="&期末) -> 0 | C92: =COUNTIFS(工单[跟进人1],$A92,工单[楼栋],C$88,工单[报修日期],">="&期初,工单[报修日期],"<="&期末)+COUNTIFS(工单[跟进人2],$A92,工单[楼栋],C$88,工单[报修日期],">="&期初,工单[报修日期],"<="&期末) -> 1 | D92: =COUNTIFS(工单[跟进人1],$A92,工单[楼栋],D$88,工单[报修日期],">="&期初,工单[报修日期],"<="&期末)+COUNTIFS(工单[跟进人2],$A92,工单[楼栋],D$88,工单[报修日期],">="&期初,工单[报修日期],"<="&期末) -> 3 | E92: =COUNTIFS(工单[跟进人1],$A92,工单[楼栋],E$88,工单[报修日期],">="&期初,工单[报修日期],"<="&期末)+COUNTIFS(工单[跟进人2],$A92,工单[楼栋],E$88,工单[报修日期],">="&期初,工单[报修日期],"<="&期末) -> 0 | F92: =COUNTIFS(工单[跟进人1],$A92,工单[楼栋],F$88,工单[报修日期],">="&期初,工单[报修日期],"<="&期末)+COUNTIFS(工单[跟进人2],$A92,工单[楼栋],F$88,工单[报修日期],">="&期初,工单[报修日期],"<="&期末) -> 2 | G92: =COUNTIFS(工单[跟进人1],$A92,工单[楼栋],G$88,工单[报修日期],">="&期初,工单[报修日期],"<="&期末)+COUNTIFS(工单[跟进人2],$A92,工单[楼栋],G$88,工单[报修日期],">="&期初,工单[报修日期],"<="&期末) -> 1 | H92: =COUNTIFS(工单[跟进人1],$A92,工单[楼栋],H$88,工单[报修日期],">="&期初,工单[报修日期],"<="&期末)+COUNTIFS(工单[跟进人2],$A92,工单[楼栋],H$88,工单[报修日期],">="&期初,工单[报修日期],"<="&期末) -> 1 | I92: =COUNTIFS(工单[跟进人1],$A92,工单[楼栋],I$88,工单[报修日期],">="&期初,工单[报修日期],"<="&期末)+COUNTIFS(工单[跟进人2],$A92,工单[楼栋],I$88,工单[报修日期],">="&期初,工单[报修日期],"<="&期末) -> 1 | ... N92: =COUNTIFS(工单[跟进人1],$A92,工单[楼栋],N$88,工单[报修日期],">="&期初,工单[报修日期],"<="&期末)+COUNTIFS(工单[跟进人2],$A92,工单[楼栋],N$88,工单[报修日期],">="&期初,工单[报修日期],"<="&期末) -> 2
A93: =设置!A13&"" -> 刘师傅 | B93: =COUNTIFS(工单[跟进人1],$A93,工单[楼栋],B$88,工单[报修日期],">="&期初,工单[报修日期],"<="&期末)+COUNTIFS(工单[跟进人2],$A93,工单[楼栋],B$88,工单[报修日期],">="&期初,工单[报修日期],"<="&期末) -> 1 | C93: =COUNTIFS(工单[跟进人1],$A93,工单[楼栋],C$88,工单[报修日期],">="&期初,工单[报修日期],"<="&期末)+COUNTIFS(工单[跟进人2],$A93,工单[楼栋],C$88,工单[报修日期],">="&期初,工单[报修日期],"<="&期末) -> 1 | D93: =COUNTIFS(工单[跟进人1],$A93,工单[楼栋],D$88,工单[报修日期],">="&期初,工单[报修日期],"<="&期末)+COUNTIFS(工单[跟进人2],$A93,工单[楼栋],D$88,工单[报修日期],">="&期初,工单[报修日期],"<="&期末) -> 0 | E93: =COUNTIFS(工单[跟进人1],$A93,工单[楼栋],E$88,工单[报修日期],">="&期初,工单[报修日期],"<="&期末)+COUNTIFS(工单[跟进人2],$A93,工单[楼栋],E$88,工单[报修日期],">="&期初,工单[报修日期],"<="&期末) -> 4 | F93: =COUNTIFS(工单[跟进人1],$A93,工单[楼栋],F$88,工单[报修日期],">="&期初,工单[报修日期],"<="&期末)+COUNTIFS(工单[跟进人2],$A93,工单[楼栋],F$88,工单[报修日期],">="&期初,工单[报修日期],"<="&期末) -> 1 | G93: =COUNTIFS(工单[跟进人1],$A93,工单[楼栋],G$88,工单[报修日期],">="&期初,工单[报修日期],"<="&期末)+COUNTIFS(工单[跟进人2],$A93,工单[楼栋],G$88,工单[报修日期],">="&期初,工单[报修日期],"<="&期末) -> 2 | H93: =COUNTIFS(工单[跟进人1],$A93,工单[楼栋],H$88,工单[报修日期],">="&期初,工单[报修日期],"<="&期末)+COUNTIFS(工单[跟进人2],$A93,工单[楼栋],H$88,工单[报修日期],">="&期初,工单[报修日期],"<="&期末) -> 0 | I93: =COUNTIFS(工单[跟进人1],$A93,工单[楼栋],I$88,工单[报修日期],">="&期初,工单[报修日期],"<="&期末)+COUNTIFS(工单[跟进人2],$A93,工单[楼栋],I$88,工单[报修日期],">="&期初,工单[报修日期],"<="&期末) -> 0 | ... N93: =COUNTIFS(工单[跟进人1],$A93,工单[楼栋],N$88,工单[报修日期],">="&期初,工单[报修日期],"<="&期末)+COUNTIFS(工单[跟进人2],$A93,工单[楼栋],N$88,工单[报修日期],">="&期初,工单[报修日期],"<="&期末) -> 2

Sheet 单元查询
A1: 单元查询 ｜ 选楼栋、填房号，调出这一户的全部维修记录
A3: 楼栋 | B3: 6栋 | C3: 房号 | E3: ← 米黄格可改；房号留空＝查整栋。按报修时间从近到远列出。
A5: 共计 | B5: 已完成 | C5: 未结 | D5: 非常满意 | E5: 满意 | F5: 一般 | G5: 不满意 | H5: 好评率 | I5: 最近报修 | J5: 首次报修
A6: =SUMPRODUCT((工单[楼栋]=$B$3)*(((工单[房号/位置]&"")=($D$3&""))+($D$3="")>0)) -> 17 | B6: =SUMPRODUCT((工单[楼栋]=$B$3)*(((工单[房号/位置]&"")=($D$3&""))+($D$3="")>0)*(工单[完成情况]="已完成")) -> 13 | C6: =A6-B6 -> 4 | D6: =SUMPRODUCT((工单[楼栋]=$B$3)*(((工单[房号/位置]&"")=($D$3&""))+($D$3="")>0)*(工单[维修评价]="非常满意")) -> 13 | E6: =SUMPRODUCT((工单[楼栋]=$B$3)*(((工单[房号/位置]&"")=($D$3&""))+($D$3="")>0)*(工单[维修评价]="满意")) -> 1 | F6: =SUMPRODUCT((工单[楼栋]=$B$3)*(((工单[房号/位置]&"")=($D$3&""))+($D$3="")>0)*(工单[维修评价]="一般")) -> 1 | G6: =SUMPRODUCT((工单[楼栋]=$B$3)*(((工单[房号/位置]&"")=($D$3&""))+($D$3="")>0)*(工单[维修评价]="不满意")) -> 0 | H6: =IFERROR((D6+E6)/SUM(D6:G6),"") -> 0.93333333 | I6: =IF(A6=0,"",SUMPRODUCT(MAX((工单[楼栋]=$B$3)*(((工单[房号/位置]&"")=($D$3&""))+($D$3="")>0)*工单[报修日期]))) -> 45784 | J6: =IF(A6=0,"",SUMPRODUCT(LARGE((工单[楼栋]=$B$3)*(((工单[房号/位置]&"")=($D$3&""))+($D$3="")>0)*工单[报修日期],A6))) -> 45778
A8: 第几单 | B8: 报修日期 | C8: 类型 | D8: 房号/位置 | E8: 报修问题描述 | G8: 维修类别 | H8: 跟进人 | I8: 完成情况 | J8: 处理天数 | K8: 维修评价 | L8: 维修备注 | M8: 单据编号
A9: =IF($O9=0,"",1) -> 1 | B9: =IF($O9=0,"",INDEX(工单[报修日期],$O9-ROW(工单[#Headers]))) -> 45784 | C9: =IF($O9=0,"",INDEX(工单[类型],$O9-ROW(工单[#Headers]))&"") -> 入户 | D9: =IF($O9=0,"",INDEX(工单[房号/位置],$O9-ROW(工单[#Headers]))&"") -> 1101 | E9: =IF($O9=0,"",INDEX(工单[报修问题描述],$O9-ROW(工单[#Headers]))&"") -> 厨房水槽下面漏水，柜子泡湿了 | G9: =IF($O9=0,"",INDEX(工单[维修类别],$O9-ROW(工单[#Headers]))&"") -> 给排水 | H9: =IF($O9=0,"",INDEX(工单[跟进人1],$O9-ROW(工单[#Headers]))&IF(INDEX(工单[跟进人2],$O9-ROW(工单[#Headers]))="","","、"&INDEX(工单[跟进人2],$O9-ROW(工单[#Headers])))) -> 张师傅 | I9: =IF($O9=0,"",INDEX(工单[完成情况],$O9-ROW(工单[#Headers]))&"") -> 已完成 | J9: =IF($O9=0,"",INDEX(工单[处理天数],$O9-ROW(工单[#Headers]))) | K9: =IF($O9=0,"",INDEX(工单[维修评价],$O9-ROW(工单[#Headers]))&"") -> 非常满意 | L9: =IF($O9=0,"",INDEX(工单[维修备注],$O9-ROW(工单[#Headers]))&"") -> 已更换下水软管 | M9: =IF($O9=0,"",INDEX(工单[单据编号],$O9-ROW(工单[#Headers]))&"") -> 6-1101-0507 | O9: =IFERROR(SUMPRODUCT(LARGE((工单[楼栋]=$B$3)*(((工单[房号/位置]&"")=($D$3&""))+($D$3="")>0)*ROW(工单[楼栋]),1)),0) -> 144
A10: =IF($O10=0,"",2) -> 2 | B10: =IF($O10=0,"",INDEX(工单[报修日期],$O10-ROW(工单[#Headers]))) -> 45784 | C10: =IF($O10=0,"",INDEX(工单[类型],$O10-ROW(工单[#Headers]))&"") -> 入户 | D10: =IF($O10=0,"",INDEX(工单[房号/位置],$O10-ROW(工单[#Headers]))&"") -> 504 | E10: =IF($O10=0,"",INDEX(工单[报修问题描述],$O10-ROW(工单[#Headers]))&"") -> 燃气灶点火打不着 | G10: =IF($O10=0,"",INDEX(工单[维修类别],$O10-ROW(工单[#Headers]))&"") -> 燃气厨电 | H10: =IF($O10=0,"",INDEX(工单[跟进人1],$O10-ROW(工单[#Headers]))&IF(INDEX(工单[跟进人2],$O10-ROW(工单[#Headers]))="","","、"&INDEX(工单[跟进人2],$O10-ROW(工单[#Headers])))) -> 张师傅 | I10: =IF($O10=0,"",INDEX(工单[完成情况],$O10-ROW(工单[#Headers]))&"") -> 已完成 | J10: =IF($O10=0,"",INDEX(工单[处理天数],$O10-ROW(工单[#Headers]))) | K10: =IF($O10=0,"",INDEX(工单[维修评价],$O10-ROW(工单[#Headers]))&"") -> 非常满意 | L10: =IF($O10=0,"",INDEX(工单[维修备注],$O10-ROW(工单[#Headers]))&"") | M10: =IF($O10=0,"",INDEX(工单[单据编号],$O10-ROW(工单[#Headers]))&"") -> 6-504-0507-02 | O10: =IFERROR(SUMPRODUCT(LARGE((工单[楼栋]=$B$3)*(((工单[房号/位置]&"")=($D$3&""))+($D$3="")>0)*ROW(工单[楼栋]),2)),0) -> 139
A11: =IF($O11=0,"",3) -> 3 | B11: =IF($O11=0,"",INDEX(工单[报修日期],$O11-ROW(工单[#Headers]))) -> 45782 | C11: =IF($O11=0,"",INDEX(工单[类型],$O11-ROW(工单[#Headers]))&"") -> 入户 | D11: =IF($O11=0,"",INDEX(工单[房号/位置],$O11-ROW(工单[#Headers]))&"") -> 403 | E11: =IF($O11=0,"",INDEX(工单[报修问题描述],$O11-ROW(工单[#Headers]))&"") -> 入户门猫眼松动 | G11: =IF($O11=0,"",INDEX(工单[维修类别],$O11-ROW(工单[#Headers]))&"") -> 门窗五金 | H11: =IF($O11=0,"",INDEX(工单[跟进人1],$O11-ROW(工单[#Headers]))&IF(INDEX(工单[跟进人2],$O11-ROW(工单[#Headers]))="","","、"&INDEX(工单[跟进人2],$O11-ROW(工单[#Headers])))) -> 王师傅 | I11: =IF($O11=0,"",INDEX(工单[完成情况],$O11-ROW(工单[#Headers]))&"") -> 已完成 | J11: =IF($O11=0,"",INDEX(工单[处理天数],$O11-ROW(工单[#Headers]))) | K11: =IF($O11=0,"",INDEX(工单[维修评价],$O11-ROW(工单[#Headers]))&"") -> 满意 | L11: =IF($O11=0,"",INDEX(工单[维修备注],$O11-ROW(工单[#Headers]))&"") | M11: =IF($O11=0,"",INDEX(工单[单据编号],$O11-ROW(工单[#Headers]))&"") -> 6-403-0505 | O11: =IFERROR(SUMPRODUCT(LARGE((工单[楼栋]=$B$3)*(((工单[房号/位置]&"")=($D$3&""))+($D$3="")>0)*ROW(工单[楼栋]),3)),0) -> 121
A12: =IF($O12=0,"",4) -> 4 | B12: =IF($O12=0,"",INDEX(工单[报修日期],$O12-ROW(工单[#Headers]))) -> 45781 | C12: =IF($O12=0,"",INDEX(工单[类型],$O12-ROW(工单[#Headers]))&"") -> 入户 | D12: =IF($O12=0,"",INDEX(工单[房号/位置],$O12-ROW(工单[#Headers]))&"") -> 402 | E12: =IF($O12=0,"",INDEX(工单[报修问题描述],$O12-ROW(工单[#Headers]))&"") -> 卫生间下水道返臭 | G12: =IF($O12=0,"",INDEX(工单[维修类别],$O12-ROW(工单[#Headers]))&"") -> 给排水 | H12: =IF($O12=0,"",INDEX(工单[跟进人1],$O12-ROW(工单[#Headers]))&IF(INDEX(工单[跟进人2],$O12-ROW(工单[#Headers]))="","","、"&INDEX(工单[跟进人2],$O12-ROW(工单[#Headers])))) -> 张师傅 | I12: =IF($O12=0,"",INDEX(工单[完成情况],$O12-ROW(工单[#Headers]))&"") -> 已完成 | J12: =IF($O12=0,"",INDEX(工单[处理天数],$O12-ROW(工单[#Headers]))) | K12: =IF($O12=0,"",INDEX(工单[维修评价],$O12-ROW(工单[#Headers]))&"") -> 非常满意 | L12: =IF($O12=0,"",INDEX(工单[维修备注],$O12-ROW(工单[#Headers]))&"") | M12: =IF($O12=0,"",INDEX(工单[单据编号],$O12-ROW(工单[#Headers]))&"") -> 6-402-0504 | O12: =IFERROR(SUMPRODUCT(LARGE((工单[楼栋]=$B$3)*(((工单[房号/位置]&"")=($D$3&""))+($D$3="")>0)*ROW(工单[楼栋]),4)),0) -> 101
A13: =IF($O13=0,"",5) -> 5 | B13: =IF($O13=0,"",INDEX(工单[报修日期],$O13-ROW(工单[#Headers]))) -> 45780 | C13: =IF($O13=0,"",INDEX(工单[类型],$O13-ROW(工单[#Headers]))&"") -> 入户 | D13: =IF($O13=0,"",INDEX(工单[房号/位置],$O13-ROW(工单[#Headers]))&"") -> 2802 | E13: =IF($O13=0,"",INDEX(工单[报修问题描述],$O13-ROW(工单[#Headers]))&"") -> 连续下雨后阳台墙面渗水 | G13: =IF($O13=0,"",INDEX(工单[维修类别],$O13-ROW(工单[#Headers]))&"") -> 渗漏防水 | H13: =IF($O13=0,"",INDEX(工单[跟进人1],$O13-ROW(工单[#Headers]))&IF(INDEX(工单[跟进人2],$O13-ROW(工单[#Headers]))="","","、"&INDEX(工单[跟进人2],$O13-ROW(工单[#Headers])))) -> 陈师傅 | I13: =IF($O13=0,"",INDEX(工单[完成情况],$O13-ROW(工单[#Headers]))&"") -> 跟进中 | J13: =IF($O13=0,"",INDEX(工单[处理天数],$O13-ROW(工单[#Headers]))) -> 4 | K13: =IF($O13=0,"",INDEX(工单[维修评价],$O13-ROW(工单[#Headers]))&"") | L13: =IF($O13=0,"",INDEX(工单[维修备注],$O13-ROW(工单[#Headers]))&"") -> 已拍照留证，待联系防水单位复查 | M13: =IF($O13=0,"",INDEX(工单[单据编号],$O13-ROW(工单[#Headers]))&"") -> 6-2802-0503 | O13: =IFERROR(SUMPRODUCT(LARGE((工单[楼栋]=$B$3)*(((工单[房号/位置]&"")=($D$3&""))+($D$3="")>0)*ROW(工单[楼栋]),5)),0) -> 95
A14: =IF($O14=0,"",6) -> 6 | B14: =IF($O14=0,"",INDEX(工单[报修日期],$O14-ROW(工单[#Headers]))) -> 45780 | C14: =IF($O14=0,"",INDEX(工单[类型],$O14-ROW(工单[#Headers]))&"") -> 入户 | D14: =IF($O14=0,"",INDEX(工单[房号/位置],$O14-ROW(工单[#Headers]))&"") -> 1503 | E14: =IF($O14=0,"",INDEX(工单[报修问题描述],$O14-ROW(工单[#Headers]))&"") -> 玄关踢脚线脱落 | G14: =IF($O14=0,"",INDEX(工单[维修类别],$O14-ROW(工单[#Headers]))&"") -> 墙地饰面 | H14: =IF($O14=0,"",INDEX(工单[跟进人1],$O14-ROW(工单[#Headers]))&IF(INDEX(工单[跟进人2],$O14-ROW(工单[#Headers]))="","","、"&INDEX(工单[跟进人2],$O14-ROW(工单[#Headers])))) -> 张师傅 | I14: =IF($O14=0,"",INDEX(工单[完成情况],$O14-ROW(工单[#Headers]))&"") -> 已完成 | J14: =IF($O14=0,"",INDEX(工单[处理天数],$O14-ROW(工单[#Headers]))) | K14: =IF($O14=0,"",INDEX(工单[维修评价],$O14-ROW(工单[#Headers]))&"") -> 非常满意 | L14: =IF($O14=0,"",INDEX(工单[维修备注],$O14-ROW(工单[#Headers]))&"") | M14: =IF($O14=0,"",INDEX(工单[单据编号],$O14-ROW(工单[#Headers]))&"") -> 6-1503-0503 | O14: =IFERROR(SUMPRODUCT(LARGE((工单[楼栋]=$B$3)*(((工单[房号/位置]&"")=($D$3&""))+($D$3="")>0)*ROW(工单[楼栋]),6)),0) -> 83
A15: =IF($O15=0,"",7) -> 7 | B15: =IF($O15=0,"",INDEX(工单[报修日期],$O15-ROW(工单[#Headers]))) -> 45780 | C15: =IF($O15=0,"",INDEX(工单[类型],$O15-ROW(工单[#Headers]))&"") -> 入户 | D15: =IF($O15=0,"",INDEX(工单[房号/位置],$O15-ROW(工单[#Headers]))&"") -> 1102 | E15: =IF($O15=0,"",INDEX(工单[报修问题描述],$O15-ROW(工单[#Headers]))&"") -> 厨房门口门槛石松了，踩上去会动 | G15: =IF($O15=0,"",INDEX(工单[维修类别],$O15-ROW(工单[#Headers]))&"") -> 墙地饰面 | H15: =IF($O15=0,"",INDEX(工单[跟进人1],$O15-ROW(工单[#Headers]))&IF(INDEX(工单[跟进人2],$O15-ROW(工单[#Headers]))="","","、"&INDEX(工单[跟进人2],$O15-ROW(工单[#Headers])))) -> 王师傅 | I15: =IF($O15=0,"",INDEX(工单[完成情况],$O15-ROW(工单[#Headers]))&"") -> 已完成 | J15: =IF($O15=0,"",INDEX(工单[处理天数],$O15-ROW(工单[#Headers]))) | K15: =IF($O15=0,"",INDEX(工单[维修评价],$O15-ROW(工单[#Headers]))&"") -> 非常满意 | L15: =IF($O15=0,"",INDEX(工单[维修备注],$O15-ROW(工单[#Headers]))&"") | M15: =IF($O15=0,"",INDEX(工单[单据编号],$O15-ROW(工单[#Headers]))&"") -> 6-1102-0503 | O15: =IFERROR(SUMPRODUCT(LARGE((工单[楼栋]=$B$3)*(((工单[房号/位置]&"")=($D$3&""))+($D$3="")>0)*ROW(工单[楼栋]),7)),0) -> 82
A16: =IF($O16=0,"",8) -> 8 | B16: =IF($O16=0,"",INDEX(工单[报修日期],$O16-ROW(工单[#Headers]))) -> 45780 | C16: =IF($O16=0,"",INDEX(工单[类型],$O16-ROW(工单[#Headers]))&"") -> 入户 | D16: =IF($O16=0,"",INDEX(工单[房号/位置],$O16-ROW(工单[#Headers]))&"") -> 504 | E16: =IF($O16=0,"",INDEX(工单[报修问题描述],$O16-ROW(工单[#Headers]))&"") -> 次卧门把手松动 | G16: =IF($O16=0,"",INDEX(工单[维修类别],$O16-ROW(工单[#Headers]))&"") -> 门窗五金 | H16: =IF($O16=0,"",INDEX(工单[跟进人1],$O16-ROW(工单[#Headers]))&IF(INDEX(工单[跟进人2],$O16-ROW(工单[#Headers]))="","","、"&INDEX(工单[跟进人2],$O16-ROW(工单[#Headers])))) -> 刘师傅 | I16: =IF($O16=0,"",INDEX(工单[完成情况],$O16-ROW(工单[#Headers]))&"") -> 已完成 | J16: =IF($O16=0,"",INDEX(工单[处理天数],$O16-ROW(工单[#Headers]))) | K16: =IF($O16=0,"",INDEX(工单[维修评价],$O16-ROW(工单[#Headers]))&"") -> 非常满意 | L16: =IF($O16=0,"",INDEX(工单[维修备注],$O16-ROW(工单[#Headers]))&"") | M16: =IF($O16=0,"",INDEX(工单[单据编号],$O16-ROW(工单[#Headers]))&"") -> 6-504-0503 | O16: =IFERROR(SUMPRODUCT(LARGE((工单[楼栋]=$B$3)*(((工单[房号/位置]&"")=($D$3&""))+($D$3="")>0)*ROW(工单[楼栋]),8)),0) -> 80
A17: =IF($O17=0,"",9) -> 9 | B17: =IF($O17=0,"",INDEX(工单[报修日期],$O17-ROW(工单[#Headers]))) -> 45780 | C17: =IF($O17=0,"",INDEX(工单[类型],$O17-ROW(工单[#Headers]))&"") -> 入户 | D17: =IF($O17=0,"",INDEX(工单[房号/位置],$O17-ROW(工单[#Headers]))&"") -> 2402 | E17: =IF($O17=0,"",INDEX(工单[报修问题描述],$O17-ROW(工单[#Headers]))&"") -> 门把手松动 | G17: =IF($O17=0,"",INDEX(工单[维修类别],$O17-ROW(工单[#Headers]))&"") -> 门窗五金 | H17: =IF($O17=0,"",INDEX(工单[跟进人1],$O17-ROW(工单[#Headers]))&IF(INDEX(工单[跟进人2],$O17-ROW(工单[#Headers]))="","","、"&INDEX(工单[跟进人2],$O17-ROW(工单[#Headers])))) -> 张师傅 | I17: =IF($O17=0,"",INDEX(工单[完成情况],$O17-ROW(工单[#Headers]))&"") -> 已完成 | J17: =IF($O17=0,"",INDEX(工单[处理天数],$O17-ROW(工单[#Headers]))) | K17: =IF($O17=0,"",INDEX(工单[维修评价],$O17-ROW(工单[#Headers]))&"") -> 非常满意 | L17: =IF($O17=0,"",INDEX(工单[维修备注],$O17-ROW(工单[#Headers]))&"") | M17: =IF($O17=0,"",INDEX(工单[单据编号],$O17-ROW(工单[#Headers]))&"") -> 6-2402-0503 | O17: =IFERROR(SUMPRODUCT(LARGE((工单[楼栋]=$B$3)*(((工单[房号/位置]&"")=($D$3&""))+($D$3="")>0)*ROW(工单[楼栋]),9)),0) -> 70
A18: =IF($O18=0,"",10) -> 10 | B18: =IF($O18=0,"",INDEX(工单[报修日期],$O18-ROW(工单[#Headers]))) -> 45780 | C18: =IF($O18=0,"",INDEX(工单[类型],$O18-ROW(工单[#Headers]))&"") -> 入户 | D18: =IF($O18=0,"",INDEX(工单[房号/位置],$O18-ROW(工单[#Headers]))&"") -> 1904 | E18: =IF($O18=0,"",INDEX(工单[报修问题描述],$O18-ROW(工单[#Headers]))&"") -> 卫生间门关不上 | G18: =IF($O18=0,"",INDEX(工单[维修类别],$O18-ROW(工单[#Headers]))&"") -> 门窗五金 | H18: =IF($O18=0,"",INDEX(工单[跟进人1],$O18-ROW(工单[#Headers]))&IF(INDEX(工单[跟进人2],$O18-ROW(工单[#Headers]))="","","、"&INDEX(工单[跟进人2],$O18-ROW(工单[#Headers])))) -> 李师傅 | I18: =IF($O18=0,"",INDEX(工单[完成情况],$O18-ROW(工单[#Headers]))&"") -> 已完成 | J18: =IF($O18=0,"",INDEX(工单[处理天数],$O18-ROW(工单[#Headers]))) | K18: =IF($O18=0,"",INDEX(工单[维修评价],$O18-ROW(工单[#Headers]))&"") -> 非常满意 | L18: =IF($O18=0,"",INDEX(工单[维修备注],$O18-ROW(工单[#Headers]))&"") | M18: =IF($O18=0,"",INDEX(工单[单据编号],$O18-ROW(工单[#Headers]))&"") -> 6-1904-0503 | O18: =IFERROR(SUMPRODUCT(LARGE((工单[楼栋]=$B$3)*(((工单[房号/位置]&"")=($D$3&""))+($D$3="")>0)*ROW(工单[楼栋]),10)),0) -> 68
A19: =IF($O19=0,"",11) -> 11 | B19: =IF($O19=0,"",INDEX(工单[报修日期],$O19-ROW(工单[#Headers]))) -> 45779 | C19: =IF($O19=0,"",INDEX(工单[类型],$O19-ROW(工单[#Headers]))&"") -> 入户 | D19: =IF($O19=0,"",INDEX(工单[房号/位置],$O19-ROW(工单[#Headers]))&"") -> 3304 | E19: =IF($O19=0,"",INDEX(工单[报修问题描述],$O19-ROW(工单[#Headers]))&"") -> 空调外机噪音大 | G19: =IF($O19=0,"",INDEX(工单[维修类别],$O19-ROW(工单[#Headers]))&"") -> 空调暖通 | H19: =IF($O19=0,"",INDEX(工单[跟进人1],$O19-ROW(工单[#Headers]))&IF(INDEX(工单[跟进人2],$O19-ROW(工单[#Headers]))="","","、"&INDEX(工单[跟进人2],$O19-ROW(工单[#Headers])))) -> 李师傅 | I19: =IF($O19=0,"",INDEX(工单[完成情况],$O19-ROW(工单[#Headers]))&"") -> 跟进中 | J19: =IF($O19=0,"",INDEX(工单[处理天数],$O19-ROW(工单[#Headers]))) -> 5 | K19: =IF($O19=0,"",INDEX(工单[维修评价],$O19-ROW(工单[#Headers]))&"") -> 非常满意 | L19: =IF($O19=0,"",INDEX(工单[维修备注],$O19-ROW(工单[#Headers]))&"") -> 非物业维修范围，业主已联系空调售后 | M19: =IF($O19=0,"",INDEX(工单[单据编号],$O19-ROW(工单[#Headers]))&"") -> 6-3304-0502 | O19: =IFERROR(SUMPRODUCT(LARGE((工单[楼栋]=$B$3)*(((工单[房号/位置]&"")=($D$3&""))+($D$3="")>0)*ROW(工单[楼栋]),11)),0) -> 48
A20: =IF($O20=0,"",12) -> 12 | B20: =IF($O20=0,"",INDEX(工单[报修日期],$O20-ROW(工单[#Headers]))) -> 45779 | C20: =IF($O20=0,"",INDEX(工单[类型],$O20-ROW(工单[#Headers]))&"") -> 入户 | D20: =IF($O20=0,"",INDEX(工单[房号/位置],$O20-ROW(工单[#Headers]))&"") -> 201 | E20: =IF($O20=0,"",INDEX(工单[报修问题描述],$O20-ROW(工单[#Headers]))&"") -> 房门锁舌弹不回来 | G20: =IF($O20=0,"",INDEX(工单[维修类别],$O20-ROW(工单[#Headers]))&"") -> 门窗五金 | H20: =IF($O20=0,"",INDEX(工单[跟进人1],$O20-ROW(工单[#Headers]))&IF(INDEX(工单[跟进人2],$O20-ROW(工单[#Headers]))="","","、"&INDEX(工单[跟进人2],$O20-ROW(工单[#Headers])))) -> 张师傅 | I20: =IF($O20=0,"",INDEX(工单[完成情况],$O20-ROW(工单[#Headers]))&"") -> 已完成 | J20: =IF($O20=0,"",INDEX(工单[处理天数],$O20-ROW(工单[#Headers]))) | K20: =IF($O20=0,"",INDEX(工单[维修评价],$O20-ROW(工单[#Headers]))&"") -> 非常满意 | L20: =IF($O20=0,"",INDEX(工单[维修备注],$O20-ROW(工单[#Headers]))&"") | M20: =IF($O20=0,"",INDEX(工单[单据编号],$O20-ROW(工单[#Headers]))&"") -> 6-201-0502 | O20: =IFERROR(SUMPRODUCT(LARGE((工单[楼栋]=$B$3)*(((工单[房号/位置]&"")=($D$3&""))+($D$3="")>0)*ROW(工单[楼栋]),12)),0) -> 46
A21: =IF($O21=0,"",13) -> 13 | B21: =IF($O21=0,"",INDEX(工单[报修日期],$O21-ROW(工单[#Headers]))) -> 45778 | C21: =IF($O21=0,"",INDEX(工单[类型],$O21-ROW(工单[#Headers]))&"") -> 入户 | D21: =IF($O21=0,"",INDEX(工单[房号/位置],$O21-ROW(工单[#Headers]))&"") -> 2701 | E21: =IF($O21=0,"",INDEX(工单[报修问题描述],$O21-ROW(工单[#Headers]))&"") -> 次卧顶灯开关按了没反应 | G21: =IF($O21=0,"",INDEX(工单[维修类别],$O21-ROW(工单[#Headers]))&"") -> 电气照明 | H21: =IF($O21=0,"",INDEX(工单[跟进人1],$O21-ROW(工单[#Headers]))&IF(INDEX(工单[跟进人2],$O21-ROW(工单[#Headers]))="","","、"&INDEX(工单[跟进人2],$O21-ROW(工单[#Headers])))) -> 张师傅 | I21: =IF($O21=0,"",INDEX(工单[完成情况],$O21-ROW(工单[#Headers]))&"") -> 已完成 | J21: =IF($O21=0,"",INDEX(工单[处理天数],$O21-ROW(工单[#Headers]))) | K21: =IF($O21=0,"",INDEX(工单[维修评价],$O21-ROW(工单[#Headers]))&"") -> 非常满意 | L21: =IF($O21=0,"",INDEX(工单[维修备注],$O21-ROW(工单[#Headers]))&"") -> 已更换开关面板 | M21: =IF($O21=0,"",INDEX(工单[单据编号],$O21-ROW(工单[#Headers]))&"") -> 6-2701-0501 | O21: =IFERROR(SUMPRODUCT(LARGE((工单[楼栋]=$B$3)*(((工单[房号/位置]&"")=($D$3&""))+($D$3="")>0)*ROW(工单[楼栋]),13)),0) -> 30
A22: =IF($O22=0,"",14) -> 14 | B22: =IF($O22=0,"",INDEX(工单[报修日期],$O22-ROW(工单[#Headers]))) -> 45778 | C22: =IF($O22=0,"",INDEX(工单[类型],$O22-ROW(工单[#Headers]))&"") -> 入户 | D22: =IF($O22=0,"",INDEX(工单[房号/位置],$O22-ROW(工单[#Headers]))&"") -> 701 | E22: =IF($O22=0,"",INDEX(工单[报修问题描述],$O22-ROW(工单[#Headers]))&"") -> 次卧墙面受潮鼓包起皮 | G22: =IF($O22=0,"",INDEX(工单[维修类别],$O22-ROW(工单[#Headers]))&"") -> 墙地饰面 | H22: =IF($O22=0,"",INDEX(工单[跟进人1],$O22-ROW(工单[#Headers]))&IF(INDEX(工单[跟进人2],$O22-ROW(工单[#Headers]))="","","、"&INDEX(工单[跟进人2],$O22-ROW(工单[#Headers])))) -> 李师傅 | I22: =IF($O22=0,"",INDEX(工单[完成情况],$O22-ROW(工单[#Headers]))&"") -> 跟进中 | J22: =IF($O22=0,"",INDEX(工单[处理天数],$O22-ROW(工单[#Headers]))) -> 6 | K22: =IF($O22=0,"",INDEX(工单[维修评价],$O22-ROW(工单[#Headers]))&"") -> 非常满意 | L22: =IF($O22=0,"",INDEX(工单[维修备注],$O22-ROW(工单[#Headers]))&"") -> 已铲除鼓包批第一遍腻子，待干透后约第二次上门 | M22: =IF($O22=0,"",INDEX(工单[单据编号],$O22-ROW(工单[#Headers]))&"") -> 6-701-0501 | O22: =IFERROR(SUMPRODUCT(LARGE((工单[楼栋]=$B$3)*(((工单[房号/位置]&"")=($D$3&""))+($D$3="")>0)*ROW(工单[楼栋]),14)),0) -> 13
A23: =IF($O23=0,"",15) -> 15 | B23: =IF($O23=0,"",INDEX(工单[报修日期],$O23-ROW(工单[#Headers]))) -> 45778 | C23: =IF($O23=0,"",INDEX(工单[类型],$O23-ROW(工单[#Headers]))&"") -> 入户 | D23: =IF($O23=0,"",INDEX(工单[房号/位置],$O23-ROW(工单[#Headers]))&"") -> 2501 | E23: =IF($O23=0,"",INDEX(工单[报修问题描述],$O23-ROW(工单[#Headers]))&"") -> 入户门把手松动下垂 | G23: =IF($O23=0,"",INDEX(工单[维修类别],$O23-ROW(工单[#Headers]))&"") -> 门窗五金 | H23: =IF($O23=0,"",INDEX(工单[跟进人1],$O23-ROW(工单[#Headers]))&IF(INDEX(工单[跟进人2],$O23-ROW(工单[#Headers]))="","","、"&INDEX(工单[跟进人2],$O23-ROW(工单[#Headers])))) -> 张师傅 | I23: =IF($O23=0,"",INDEX(工单[完成情况],$O23-ROW(工单[#Headers]))&"") -> 已完成 | J23: =IF($O23=0,"",INDEX(工单[处理天数],$O23-ROW(工单[#Headers]))) | K23: =IF($O23=0,"",INDEX(工单[维修评价],$O23-ROW(工单[#Headers]))&"") -> 非常满意 | L23: =IF($O23=0,"",INDEX(工单[维修备注],$O23-ROW(工单[#Headers]))&"") -> 已紧固复位 | M23: =IF($O23=0,"",INDEX(工单[单据编号],$O23-ROW(工单[#Headers]))&"") -> 6-2501-0501 | O23: =IFERROR(SUMPRODUCT(LARGE((工单[楼栋]=$B$3)*(((工单[房号/位置]&"")=($D$3&""))+($D$3="")>0)*ROW(工单[楼栋]),15)),0) -> 12
A24: =IF($O24=0,"",16) -> 16 | B24: =IF($O24=0,"",INDEX(工单[报修日期],$O24-ROW(工单[#Headers]))) -> 45778 | C24: =IF($O24=0,"",INDEX(工单[类型],$O24-ROW(工单[#Headers]))&"") -> 入户 | D24: =IF($O24=0,"",INDEX(工单[房号/位置],$O24-ROW(工单[#Headers]))&"") -> 2004 | E24: =IF($O24=0,"",INDEX(工单[报修问题描述],$O24-ROW(工单[#Headers]))&"") -> 主卧空调出风口结露滴水 | G24: =IF($O24=0,"",INDEX(工单[维修类别],$O24-ROW(工单[#Headers]))&"") -> 空调暖通 | H24: =IF($O24=0,"",INDEX(工单[跟进人1],$O24-ROW(工单[#Headers]))&IF(INDEX(工单[跟进人2],$O24-ROW(工单[#Headers]))="","","、"&INDEX(工单[跟进人2],$O24-ROW(工单[#Headers])))) -> 张师傅 | I24: =IF($O24=0,"",INDEX(工单[完成情况],$O24-ROW(工单[#Headers]))&"") -> 已完成 | J24: =IF($O24=0,"",INDEX(工单[处理天数],$O24-ROW(工单[#Headers]))) | K24: =IF($O24=0,"",INDEX(工单[维修评价],$O24-ROW(工单[#Headers]))&"") -> 一般 | L24: =IF($O24=0,"",INDEX(工单[维修备注],$O24-ROW(工单[#Headers]))&"") -> 已调整出风角度并清洗滤网 | M24: =IF($O24=0,"",INDEX(工单[单据编号],$O24-ROW(工单[#Headers]))&"") -> 6-2004-0501 | O24: =IFERROR(SUMPRODUCT(LARGE((工单[楼栋]=$B$3)*(((工单[房号/位置]&"")=($D$3&""))+($D$3="")>0)*ROW(工单[楼栋]),16)),0) -> 11
A25: =IF($O25=0,"",17) -> 17 | B25: =IF($O25=0,"",INDEX(工单[报修日期],$O25-ROW(工单[#Headers]))) -> 45778 | C25: =IF($O25=0,"",INDEX(工单[类型],$O25-ROW(工单[#Headers]))&"") -> 入户 | D25: =IF($O25=0,"",INDEX(工单[房号/位置],$O25-ROW(工单[#Headers]))&"") -> 2504 | E25: =IF($O25=0,"",INDEX(工单[报修问题描述],$O25-ROW(工单[#Headers]))&"") -> 空调开机后室内机滴水 | G25: =IF($O25=0,"",INDEX(工单[维修类别],$O25-ROW(工单[#Headers]))&"") -> 空调暖通 | H25: =IF($O25=0,"",INDEX(工单[跟进人1],$O25-ROW(工单[#Headers]))&IF(INDEX(工单[跟进人2],$O25-ROW(工单[#Headers]))="","","、"&INDEX(工单[跟进人2],$O25-ROW(工单[#Headers])))) -> 刘师傅、张师傅 | I25: =IF($O25=0,"",INDEX(工单[完成情况],$O25-ROW(工单[#Headers]))&"") -> 跟进中 | J25: =IF($O25=0,"",INDEX(工单[处理天数],$O25-ROW(工单[#Headers]))) -> 6 | K25: =IF($O25=0,"",INDEX(工单[维修评价],$O25-ROW(工单[#Headers]))&"") | L25: =IF($O25=0,"",INDEX(工单[维修备注],$O25-ROW(工单[#Headers]))&"") -> 需重新包扎保温棉，待料处理 | M25: =IF($O25=0,"",INDEX(工单[单据编号],$O25-ROW(工单[#Headers]))&"") -> 6-2504-0501 | O25: =IFERROR(SUMPRODUCT(LARGE((工单[楼栋]=$B$3)*(((工单[房号/位置]&"")=($D$3&""))+($D$3="")>0)*ROW(工单[楼栋]),17)),0) -> 8
A26: =IF($O26=0,"",18) | B26: =IF($O26=0,"",INDEX(工单[报修日期],$O26-ROW(工单[#Headers]))) | C26: =IF($O26=0,"",INDEX(工单[类型],$O26-ROW(工单[#Headers]))&"") | D26: =IF($O26=0,"",INDEX(工单[房号/位置],$O26-ROW(工单[#Headers]))&"") | E26: =IF($O26=0,"",INDEX(工单[报修问题描述],$O26-ROW(工单[#Headers]))&"") | G26: =IF($O26=0,"",INDEX(工单[维修类别],$O26-ROW(工单[#Headers]))&"") | H26: =IF($O26=0,"",INDEX(工单[跟进人1],$O26-ROW(工单[#Headers]))&IF(INDEX(工单[跟进人2],$O26-ROW(工单[#Headers]))="","","、"&INDEX(工单[跟进人2],$O26-ROW(工单[#Headers])))) | I26: =IF($O26=0,"",INDEX(工单[完成情况],$O26-ROW(工单[#Headers]))&"") | J26: =IF($O26=0,"",INDEX(工单[处理天数],$O26-ROW(工单[#Headers]))) | K26: =IF($O26=0,"",INDEX(工单[维修评价],$O26-ROW(工单[#Headers]))&"") | L26: =IF($O26=0,"",INDEX(工单[维修备注],$O26-ROW(工单[#Headers]))&"") | M26: =IF($O26=0,"",INDEX(工单[单据编号],$O26-ROW(工单[#Headers]))&"") | O26: =IFERROR(SUMPRODUCT(LARGE((工单[楼栋]=$B$3)*(((工单[房号/位置]&"")=($D$3&""))+($D$3="")>0)*ROW(工单[楼栋]),18)),0) -> 0
A27: =IF($O27=0,"",19) | B27: =IF($O27=0,"",INDEX(工单[报修日期],$O27-ROW(工单[#Headers]))) | C27: =IF($O27=0,"",INDEX(工单[类型],$O27-ROW(工单[#Headers]))&"") | D27: =IF($O27=0,"",INDEX(工单[房号/位置],$O27-ROW(工单[#Headers]))&"") | E27: =IF($O27=0,"",INDEX(工单[报修问题描述],$O27-ROW(工单[#Headers]))&"") | G27: =IF($O27=0,"",INDEX(工单[维修类别],$O27-ROW(工单[#Headers]))&"") | H27: =IF($O27=0,"",INDEX(工单[跟进人1],$O27-ROW(工单[#Headers]))&IF(INDEX(工单[跟进人2],$O27-ROW(工单[#Headers]))="","","、"&INDEX(工单[跟进人2],$O27-ROW(工单[#Headers])))) | I27: =IF($O27=0,"",INDEX(工单[完成情况],$O27-ROW(工单[#Headers]))&"") | J27: =IF($O27=0,"",INDEX(工单[处理天数],$O27-ROW(工单[#Headers]))) | K27: =IF($O27=0,"",INDEX(工单[维修评价],$O27-ROW(工单[#Headers]))&"") | L27: =IF($O27=0,"",INDEX(工单[维修备注],$O27-ROW(工单[#Headers]))&"") | M27: =IF($O27=0,"",INDEX(工单[单据编号],$O27-ROW(工单[#Headers]))&"") | O27: =IFERROR(SUMPRODUCT(LARGE((工单[楼栋]=$B$3)*(((工单[房号/位置]&"")=($D$3&""))+($D$3="")>0)*ROW(工单[楼栋]),19)),0) -> 0
A28: =IF($O28=0,"",20) | B28: =IF($O28=0,"",INDEX(工单[报修日期],$O28-ROW(工单[#Headers]))) | C28: =IF($O28=0,"",INDEX(工单[类型],$O28-ROW(工单[#Headers]))&"") | D28: =IF($O28=0,"",INDEX(工单[房号/位置],$O28-ROW(工单[#Headers]))&"") | E28: =IF($O28=0,"",INDEX(工单[报修问题描述],$O28-ROW(工单[#Headers]))&"") | G28: =IF($O28=0,"",INDEX(工单[维修类别],$O28-ROW(工单[#Headers]))&"") | H28: =IF($O28=0,"",INDEX(工单[跟进人1],$O28-ROW(工单[#Headers]))&IF(INDEX(工单[跟进人2],$O28-ROW(工单[#Headers]))="","","、"&INDEX(工单[跟进人2],$O28-ROW(工单[#Headers])))) | I28: =IF($O28=0,"",INDEX(工单[完成情况],$O28-ROW(工单[#Headers]))&"") | J28: =IF($O28=0,"",INDEX(工单[处理天数],$O28-ROW(工单[#Headers]))) | K28: =IF($O28=0,"",INDEX(工单[维修评价],$O28-ROW(工单[#Headers]))&"") | L28: =IF($O28=0,"",INDEX(工单[维修备注],$O28-ROW(工单[#Headers]))&"") | M28: =IF($O28=0,"",INDEX(工单[单据编号],$O28-ROW(工单[#Headers]))&"") | O28: =IFERROR(SUMPRODUCT(LARGE((工单[楼栋]=$B$3)*(((工单[房号/位置]&"")=($D$3&""))+($D$3="")>0)*ROW(工单[楼栋]),20)),0) -> 0
A29: =IF(A6=0," 查无记录：请核对楼栋和房号的写法。",IF(A6>20," 共 "&A6&" 单，这里只列最近 20 单；完整记录在台账里按楼栋、房号筛选。",""))

Sheet 设置
A1: 设置
A2: 米黄色格可以改；灰字区域是公式，别动。改了名单，台账的下拉和仪表盘会一起变。
A4: 统计基准日（留空＝今天） | B4: 45784 | C4: 示例固定在 2025-05-07，日常使用请清空
A5: 超期阈值（天） | B5: 3 | C5: 未完成且等待天数 ≥ 这个数，标陶土橘
A6: 实际基准日 | B6: =IF(B4="",TODAY(),B4) -> 45784
A8: 师傅名单 | B8: 今日可派单 | C8: （序） | E8: 楼栋 | F8: 维修类别 | G8: 统计周期
A9: 张师傅 | B9: =IFERROR(INDEX($A$9:$A$13,MATCH(1,$C$9:$C$13,0)),IF(1=MAX($C$9:$C$13)+1,"取消","")) -> 李师傅 | C9: =IF(OR(A9="",INDEX(工单台账!$H$3:$L$3,1)="休息"),"",MAX($C$8:C8)+1) | E9: 1栋 | F9: 门窗五金 | G9: 当日
A10: 李师傅 | B10: =IFERROR(INDEX($A$9:$A$13,MATCH(2,$C$9:$C$13,0)),IF(2=MAX($C$9:$C$13)+1,"取消","")) -> 王师傅 | C10: =IF(OR(A10="",INDEX(工单台账!$H$3:$L$3,2)="休息"),"",MAX($C$8:C9)+1) -> 1 | E10: 2栋 | F10: 电气照明 | G10: 本周
A11: 王师傅 | B11: =IFERROR(INDEX($A$9:$A$13,MATCH(3,$C$9:$C$13,0)),IF(3=MAX($C$9:$C$13)+1,"取消","")) -> 陈师傅 | C11: =IF(OR(A11="",INDEX(工单台账!$H$3:$L$3,3)="休息"),"",MAX($C$8:C10)+1) -> 2 | E11: 3栋 | F11: 给排水 | G11: 本月
A12: 陈师傅 | B12: =IFERROR(INDEX($A$9:$A$13,MATCH(4,$C$9:$C$13,0)),IF(4=MAX($C$9:$C$13)+1,"取消","")) -> 刘师傅 | C12: =IF(OR(A12="",INDEX(工单台账!$H$3:$L$3,4)="休息"),"",MAX($C$8:C11)+1) -> 3 | E12: 4栋 | F12: 空调暖通 | G12: 累计
A13: 刘师傅 | B13: =IFERROR(INDEX($A$9:$A$13,MATCH(5,$C$9:$C$13,0)),IF(5=MAX($C$9:$C$13)+1,"取消","")) -> 取消 | C13: =IF(OR(A13="",INDEX(工单台账!$H$3:$L$3,5)="休息"),"",MAX($C$8:C12)+1) -> 4 | E13: 5栋 | F13: 渗漏防水
B14: =IFERROR(INDEX($A$9:$A$13,MATCH(6,$C$9:$C$13,0)),IF(6=MAX($C$9:$C$13)+1,"取消","")) | E14: 6栋 | F14: 墙地饰面
E15: 7栋 | F15: 燃气厨电
A16: 最多 5 位师傅。下拉末项「取消」＝派单作废。 | E16: 8栋 | F16: 弱电门禁
E17: 9栋 | F17: 公共设施
E18: 10栋 | F18: 其他
E19: 11栋
E20: 商铺
E21: 公共区域
A24: 计算区（勿改） | E24: 师傅本期统计（计算区）
A25: 周期 | B25: 期初 | C25: 期末 | E25: 师傅 | F25: 接单 | G25: 已完成 | H25: 未结 | I25: 非常满意 | J25: 满意 | K25: 一般 | L25: 不满意 | M25: 评价数 | N25: 满意度得分 | O25: 排序键 | P25: 名次
A26: 当日 | B26: =基准日 -> 45784 | C26: =基准日 -> 45784 | E26: =A9&"" -> 张师傅 | F26: =COUNTIFS(工单[跟进人1],$E26,工单[报修日期],">="&期初,工单[报修日期],"<="&期末)+COUNTIFS(工单[跟进人2],$E26,工单[报修日期],">="&期初,工单[报修日期],"<="&期末) -> 67 | G26: =COUNTIFS(工单[跟进人1],$E26,工单[报修日期],">="&期初,工单[报修日期],"<="&期末,工单[完成情况],"已完成")+COUNTIFS(工单[跟进人2],$E26,工单[报修日期],">="&期初,工单[报修日期],"<="&期末,工单[完成情况],"已完成") -> 64 | H26: =F26-G26 -> 3 | I26: =COUNTIFS(工单[跟进人1],$E26,工单[报修日期],">="&期初,工单[报修日期],"<="&期末,工单[维修评价],"非常满意")+COUNTIFS(工单[跟进人2],$E26,工单[报修日期],">="&期初,工单[报修日期],"<="&期末,工单[维修评价],"非常满意") -> 52 | J26: =COUNTIFS(工单[跟进人1],$E26,工单[报修日期],">="&期初,工单[报修日期],"<="&期末,工单[维修评价],"满意")+COUNTIFS(工单[跟进人2],$E26,工单[报修日期],">="&期初,工单[报修日期],"<="&期末,工单[维修评价],"满意") -> 2 | K26: =COUNTIFS(工单[跟进人1],$E26,工单[报修日期],">="&期初,工单[报修日期],"<="&期末,工单[维修评价],"一般")+COUNTIFS(工单[跟进人2],$E26,工单[报修日期],">="&期初,工单[报修日期],"<="&期末,工单[维修评价],"一般") -> 1 | L26: =COUNTIFS(工单[跟进人1],$E26,工单[报修日期],">="&期初,工单[报修日期],"<="&期末,工单[维修评价],"不满意")+COUNTIFS(工单[跟进人2],$E26,工单[报修日期],">="&期初,工单[报修日期],"<="&期末,工单[维修评价],"不满意") -> 0 | M26: =SUM(I26:L26) -> 55 | N26: =IF(M26=0,"",ROUND((I26*100+J26*80+K26*60)/M26,1)) -> 98.5 | O26: =IF(E26="",-1,G26*1000+F26+(5-0)/10) -> 64067.5 | P26: =RANK(O26,$O$26:$O$30) -> 1
A27: 本周 | B27: =基准日-WEEKDAY(基准日,2)+1 -> 45782 | C27: =B27+6 -> 45788 | E27: =A10&"" -> 李师傅 | F27: =COUNTIFS(工单[跟进人1],$E27,工单[报修日期],">="&期初,工单[报修日期],"<="&期末)+COUNTIFS(工单[跟进人2],$E27,工单[报修日期],">="&期初,工单[报修日期],"<="&期末) -> 40 | G27: =COUNTIFS(工单[跟进人1],$E27,工单[报修日期],">="&期初,工单[报修日期],"<="&期末,工单[完成情况],"已完成")+COUNTIFS(工单[跟进人2],$E27,工单[报修日期],">="&期初,工单[报修日期],"<="&期末,工单[完成情况],"已完成") -> 33 | H27: =F27-G27 -> 7 | I27: =COUNTIFS(工单[跟进人1],$E27,工单[报修日期],">="&期初,工单[报修日期],"<="&期末,工单[维修评价],"非常满意")+COUNTIFS(工单[跟进人2],$E27,工单[报修日期],">="&期初,工单[报修日期],"<="&期末,工单[维修评价],"非常满意") -> 32 | J27: =COUNTIFS(工单[跟进人1],$E27,工单[报修日期],">="&期初,工单[报修日期],"<="&期末,工单[维修评价],"满意")+COUNTIFS(工单[跟进人2],$E27,工单[报修日期],">="&期初,工单[报修日期],"<="&期末,工单[维修评价],"满意") -> 4 | K27: =COUNTIFS(工单[跟进人1],$E27,工单[报修日期],">="&期初,工单[报修日期],"<="&期末,工单[维修评价],"一般")+COUNTIFS(工单[跟进人2],$E27,工单[报修日期],">="&期初,工单[报修日期],"<="&期末,工单[维修评价],"一般") -> 0 | L27: =COUNTIFS(工单[跟进人1],$E27,工单[报修日期],">="&期初,工单[报修日期],"<="&期末,工单[维修评价],"不满意")+COUNTIFS(工单[跟进人2],$E27,工单[报修日期],">="&期初,工单[报修日期],"<="&期末,工单[维修评价],"不满意") -> 0 | M27: =SUM(I27:L27) -> 36 | N27: =IF(M27=0,"",ROUND((I27*100+J27*80+K27*60)/M27,1)) -> 97.8 | O27: =IF(E27="",-1,G27*1000+F27+(5-1)/10) -> 33040.4 | P27: =RANK(O27,$O$26:$O$30) -> 2
A28: 本月 | B28: =DATE(YEAR(基准日),MONTH(基准日),1) -> 45778 | C28: =DATE(YEAR(基准日),MONTH(基准日)+1,0) -> 45808 | E28: =A11&"" -> 王师傅 | F28: =COUNTIFS(工单[跟进人1],$E28,工单[报修日期],">="&期初,工单[报修日期],"<="&期末)+COUNTIFS(工单[跟进人2],$E28,工单[报修日期],">="&期初,工单[报修日期],"<="&期末) -> 8 | G28: =COUNTIFS(工单[跟进人1],$E28,工单[报修日期],">="&期初,工单[报修日期],"<="&期末,工单[完成情况],"已完成")+COUNTIFS(工单[跟进人2],$E28,工单[报修日期],">="&期初,工单[报修日期],"<="&期末,工单[完成情况],"已完成") -> 7 | H28: =F28-G28 -> 1 | I28: =COUNTIFS(工单[跟进人1],$E28,工单[报修日期],">="&期初,工单[报修日期],"<="&期末,工单[维修评价],"非常满意")+COUNTIFS(工单[跟进人2],$E28,工单[报修日期],">="&期初,工单[报修日期],"<="&期末,工单[维修评价],"非常满意") -> 3 | J28: =COUNTIFS(工单[跟进人1],$E28,工单[报修日期],">="&期初,工单[报修日期],"<="&期末,工单[维修评价],"满意")+COUNTIFS(工单[跟进人2],$E28,工单[报修日期],">="&期初,工单[报修日期],"<="&期末,工单[维修评价],"满意") -> 1 | K28: =COUNTIFS(工单[跟进人1],$E28,工单[报修日期],">="&期初,工单[报修日期],"<="&期末,工单[维修评价],"一般")+COUNTIFS(工单[跟进人2],$E28,工单[报修日期],">="&期初,工单[报修日期],"<="&期末,工单[维修评价],"一般") -> 0 | L28: =COUNTIFS(工单[跟进人1],$E28,工单[报修日期],">="&期初,工单[报修日期],"<="&期末,工单[维修评价],"不满意")+COUNTIFS(工单[跟进人2],$E28,工单[报修日期],">="&期初,工单[报修日期],"<="&期末,工单[维修评价],"不满意") -> 0 | M28: =SUM(I28:L28) -> 4 | N28: =IF(M28=0,"",ROUND((I28*100+J28*80+K28*60)/M28,1)) -> 95 | O28: =IF(E28="",-1,G28*1000+F28+(5-2)/10) -> 7008.3 | P28: =RANK(O28,$O$26:$O$30) -> 5
A29: 累计 | B29: =DATE(2000,1,1) -> 36526 | C29: =基准日 -> 45784 | E29: =A12&"" -> 陈师傅 | F29: =COUNTIFS(工单[跟进人1],$E29,工单[报修日期],">="&期初,工单[报修日期],"<="&期末)+COUNTIFS(工单[跟进人2],$E29,工单[报修日期],">="&期初,工单[报修日期],"<="&期末) -> 16 | G29: =COUNTIFS(工单[跟进人1],$E29,工单[报修日期],">="&期初,工单[报修日期],"<="&期末,工单[完成情况],"已完成")+COUNTIFS(工单[跟进人2],$E29,工单[报修日期],">="&期初,工单[报修日期],"<="&期末,工单[完成情况],"已完成") -> 12 | H29: =F29-G29 -> 4 | I29: =COUNTIFS(工单[跟进人1],$E29,工单[报修日期],">="&期初,工单[报修日期],"<="&期末,工单[维修评价],"非常满意")+COUNTIFS(工单[跟进人2],$E29,工单[报修日期],">="&期初,工单[报修日期],"<="&期末,工单[维修评价],"非常满意") -> 4 | J29: =COUNTIFS(工单[跟进人1],$E29,工单[报修日期],">="&期初,工单[报修日期],"<="&期末,工单[维修评价],"满意")+COUNTIFS(工单[跟进人2],$E29,工单[报修日期],">="&期初,工单[报修日期],"<="&期末,工单[维修评价],"满意") -> 1 | K29: =COUNTIFS(工单[跟进人1],$E29,工单[报修日期],">="&期初,工单[报修日期],"<="&期末,工单[维修评价],"一般")+COUNTIFS(工单[跟进人2],$E29,工单[报修日期],">="&期初,工单[报修日期],"<="&期末,工单[维修评价],"一般") -> 0 | L29: =COUNTIFS(工单[跟进人1],$E29,工单[报修日期],">="&期初,工单[报修日期],"<="&期末,工单[维修评价],"不满意")+COUNTIFS(工单[跟进人2],$E29,工单[报修日期],">="&期初,工单[报修日期],"<="&期末,工单[维修评价],"不满意") -> 0 | M29: =SUM(I29:L29) -> 5 | N29: =IF(M29=0,"",ROUND((I29*100+J29*80+K29*60)/M29,1)) -> 96 | O29: =IF(E29="",-1,G29*1000+F29+(5-3)/10) -> 12016.2 | P29: =RANK(O29,$O$26:$O$30) -> 3
A30: 当前周期 | B30: =INDEX(B26:B29,MATCH(仪表盘!$E$2,A26:A29,0)) -> 45778 | C30: =INDEX(C26:C29,MATCH(仪表盘!$E$2,A26:A29,0)) -> 45808 | E30: =A13&"" -> 刘师傅 | F30: =COUNTIFS(工单[跟进人1],$E30,工单[报修日期],">="&期初,工单[报修日期],"<="&期末)+COUNTIFS(工单[跟进人2],$E30,工单[报修日期],">="&期初,工单[报修日期],"<="&期末) -> 13 | G30: =COUNTIFS(工单[跟进人1],$E30,工单[报修日期],">="&期初,工单[报修日期],"<="&期末,工单[完成情况],"已完成")+COUNTIFS(工单[跟进人2],$E30,工单[报修日期],">="&期初,工单[报修日期],"<="&期末,工单[完成情况],"已完成") -> 10 | H30: =F30-G30 -> 3 | I30: =COUNTIFS(工单[跟进人1],$E30,工单[报修日期],">="&期初,工单[报修日期],"<="&期末,工单[维修评价],"非常满意")+COUNTIFS(工单[跟进人2],$E30,工单[报修日期],">="&期初,工单[报修日期],"<="&期末,工单[维修评价],"非常满意") -> 8 | J30: =COUNTIFS(工单[跟进人1],$E30,工单[报修日期],">="&期初,工单[报修日期],"<="&期末,工单[维修评价],"满意")+COUNTIFS(工单[跟进人2],$E30,工单[报修日期],">="&期初,工单[报修日期],"<="&期末,工单[维修评价],"满意") -> 1 | K30: =COUNTIFS(工单[跟进人1],$E30,工单[报修日期],">="&期初,工单[报修日期],"<="&期末,工单[维修评价],"一般")+COUNTIFS(工单[跟进人2],$E30,工单[报修日期],">="&期初,工单[报修日期],"<="&期末,工单[维修评价],"一般") -> 0 | L30: =COUNTIFS(工单[跟进人1],$E30,工单[报修日期],">="&期初,工单[报修日期],"<="&期末,工单[维修评价],"不满意")+COUNTIFS(工单[跟进人2],$E30,工单[报修日期],">="&期初,工单[报修日期],"<="&期末,工单[维修评价],"不满意") -> 0 | M30: =SUM(I30:L30) -> 9 | N30: =IF(M30=0,"",ROUND((I30*100+J30*80+K30*60)/M30,1)) -> 97.8 | O30: =IF(E30="",-1,G30*1000+F30+(5-4)/10) -> 10013.1 | P30: =RANK(O30,$O$26:$O$30) -> 4
